<?xml version="1.0" encoding="UTF-8"?>

<mule
	xmlns:validation="http://www.mulesoft.org/schema/mule/validation"
	xmlns:ee="http://www.mulesoft.org/schema/mule/ee/core"
	xmlns:tracking="http://www.mulesoft.org/schema/mule/ee/tracking"
	xmlns:os="http://www.mulesoft.org/schema/mule/os"
	xmlns:http="http://www.mulesoft.org/schema/mule/http"
	xmlns="http://www.mulesoft.org/schema/mule/core"
	xmlns:doc="http://www.mulesoft.org/schema/mule/documentation"
	xmlns:xsi="http://www.w3.org/2001/XMLSchema-instance"
	xsi:schemaLocation="http://www.mulesoft.org/schema/mule/core http://www.mulesoft.org/schema/mule/core/current/mule.xsd
http://www.mulesoft.org/schema/mule/http http://www.mulesoft.org/schema/mule/http/current/mule-http.xsd
http://www.mulesoft.org/schema/mule/os http://www.mulesoft.org/schema/mule/os/current/mule-os.xsd
http://www.mulesoft.org/schema/mule/ee/tracking http://www.mulesoft.org/schema/mule/ee/tracking/current/mule-tracking-ee.xsd
http://www.mulesoft.org/schema/mule/ee/core http://www.mulesoft.org/schema/mule/ee/core/current/mule-ee.xsd
http://www.mulesoft.org/schema/mule/validation http://www.mulesoft.org/schema/mule/validation/current/mule-validation.xsd">
	<validation:config name="Validation_Config"
		doc:name="Validation Config"
		doc:id="3bf6a908-e0cf-4449-bc8c-35f314738964" />
	<flow name="ch-version-updateFlow"
		doc:id="ff545d92-1e4f-40b7-aac2-884b8a4275f3">
		<validation:is-not-null
			doc:name="Validate Auth"
			doc:id="cdbddd19-b702-4c3a-bbb2-584e680a7f23"
			value="#[attributes.headers.authorization]"
			message='#["Not Authorized , Requires Basic Auth Credentials"]'
			config-ref="Validation_Config" />
		<set-variable value="#[correlationId]"
			doc:name="Set CorrelationId"
			doc:id="658fbae0-98e5-466b-abc0-2c6c85100485" variableName="txId" />
		<set-variable
			value="#[output application/java --- vars.userInput.muleVersion]"
			doc:name="setTargetVersion"
			doc:id="17a9154c-2ee5-4833-a61f-3204760593e1"
			variableName="targetVersion" />
		<os:store doc:name="Store gitToken"
			doc:id="8d9f961a-f1ba-44c9-a20e-83f7b091ba8d" key="gitToken"
			objectStore="tokenObjectStore">
			<os:value><![CDATA[#[vars.userInput.gitToken]]]></os:value>
		</os:store>
		<os:store doc:name="Store targetVersion"
			doc:id="6df78d84-5a18-4677-8cae-e5e2dc040b64"
			key="#[Mule::p('version-key')++ vars.txId]"
			objectStore="tokenObjectStore">
			<os:value><![CDATA[#[vars.targetVersion]]]></os:value>
		</os:store>
		<flow-ref doc:name="login-subFlow"
			doc:id="1d8bce50-3a98-46da-8bd9-382adf6efa3c" name="login-subFlow"
			target="accessToken"
			targetValue="#[&quot;Bearer&quot; ++ &quot; &quot; ++ payload.'access_token']" />
		<flow-ref doc:name="check-versions-subFlow"
			doc:id="37fab02c-255e-456d-8286-95f7ed4f2e8d"
			name="check-versions-subFlow" target="supportedVersions" />
		<flow-ref doc:name="org-subflow"
			doc:id="0b3e5e5d-de20-4278-a5b4-88d0d1d8a317" name="org-subflow"
			target="orgId" targetValue="#[payload.id]" />
		<flow-ref doc:name="env-subFlow"
			doc:id="9e379ed7-3774-4b56-9885-fa686c03914b" name="env-subFlow"
			target="envData" />
		<choice doc:name="Environment Found"
			doc:id="41c984af-2c9b-4dbb-a681-da313c3f812d">
			<when expression="#[not isEmpty(vars.envData)]">
				<logger level="INFO" doc:name="Log get Applications"
					doc:id="1c154009-6ac9-4a79-995a-a9acb7a79ebb"
					message='#["About to get applications for Environment: $(vars.envData.name) ,  $(vars.envData.id)"]' />
				<set-variable value="#[vars.envData.id]"
					doc:name="Set EnvId" doc:id="c1f5e36f-027a-48eb-8437-aba799b40104"
					variableName="envId" />
				<set-variable value="#[vars.envData.name]"
					doc:name="Set Env Name"
					doc:id="3a728b0a-661f-4eaa-8fa1-865cd0b0bb57"
					variableName="envName" />
				<os:store doc:name="Store EnvId"
					doc:id="7fb9711a-612e-475a-99bc-e053d7ed33d0"
					key="#[Mule::p('envId-key') ++ vars.txId]"
					objectStore="tokenObjectStore">
					<os:value><![CDATA[#[vars.envId]]]></os:value>
				</os:store>
				<flow-ref doc:name="apps_subFlow"
					doc:id="46f13be2-f212-43c3-8286-c6787156bb56" name="apps_subFlow" />
				<logger level="DEBUG" doc:name="Logger"
					doc:id="2d37f839-6c58-4102-9198-da8c9fa59370"
					message="#[&quot;Apps qualified for version upgrade $(payload.appName default [] joinBy ' , ') &quot;]" />
				<choice doc:name="Apps available?"
					doc:id="e522f024-1bec-4a70-a88f-af568d644370">
					<when expression="#[not isEmpty(payload)]">
						<!-- <flow-ref doc:name="repo-check-subFlow" doc:id="a1076417-ef45-48fe-b05e-f1b67f7db3dc" 
							name="repo-check-subFlow" /> -->
						<set-variable value="#[payload]"
							doc:name="Set Variable"
							doc:id="58c207a1-b456-42dd-bb23-83f0044fdc69"
							variableName="payloadSet" />
						<flow-ref doc:name="manage-application-update_subFlow"
							doc:id="d58c5d2f-c666-41a8-acfc-28875bb0e98e"
							name="manage-application-update_subFlow" />
						<!-- <choice doc:name="Repo Branch Available?" doc:id="877838fb-13b6-47a1-b085-39a1c5b39160"> 
							<when expression='#[not isEmpty(payload[?(($.RepoName?) and ($.availableBranches 
							contains ("refs/heads/"++ $.Branch)))])]'> <ee:transform doc:name="FilterAppsHavingBaseBranch" 
							doc:id="a02d53e2-cf8a-4eb6-ba70-b5662551e916"> <ee:message> <ee:set-payload><![CDATA[%dw 
							2.0 output application/json -&#45;&#45; payload [?(($.RepoName?) and ($.availableBranches 
							contains ("refs/heads/"++ $.Branch)))]]]></ee:set-payload> </ee:message> 
							</ee:transform> <flow-ref doc:name="bulkUpdate_parallel-subFlow" doc:id="0f074f38-28ec-4879-b994-92d8f5705a4d" 
							name="bulkUpdate_parallel-subFlow" /> <ee:transform doc:name="SetPayload" 
							doc:id="b74878cd-15a6-47db-a35b-ece312fba1f7"> <ee:message> <ee:set-payload><![CDATA[%dw 
							2.0 output application/json var txId = vars.txId var branchName = Mule::p('git.base-branch-ref') 
							var allPayload = (vars.payloadSet) -&#45;&#45; { "status": "Update initiated 
							for version upgrade to $(vars.targetVersion)", stage: "Update In Progess", 
							task: { "href": "/api/cloudhub/applications/" ++ txId, "id": txId }, "data": 
							{ appsIncludedForUpgrade: payload..appName, appsExcludedForUpgrade: (allPayload[?((not 
							$.RepoName?) or not ($.availableBranches contains ("refs/heads/"++ $.Branch) 
							))] map ((exApps,index) -> { appName: exApps.appName, repoName: if(exApps.RepoName?) 
							exApps.RepoName else " repository details not available", (branchStatus: 
							"expecting branch : $('refs/heads/'++ exApps.Branch) but found $(exApps.availableBranches 
							joinBy ' , ')") if (exApps.availableBranches?) })) default [] } }]]></ee:set-payload> 
							</ee:message> <ee:variables> <ee:set-variable variableName="httpStatus"><![CDATA[%dw 
							2.0 output application/java -&#45;&#45; 202]]></ee:set-variable> </ee:variables> 
							</ee:transform> <flow-ref doc:name="bulk-repoUpdate_subFlow" doc:id="82777620-2f9c-4ccc-9281-44cca9c84235" 
							name="bulk-repoUpdate_subFlow" /> </when> <otherwise> <logger level="INFO" 
							doc:name="Logger" doc:id="e5f7a907-cdeb-4e36-8c02-a5cd35a46e34" message='#["Cannot 
							proceed with version update as there are no repositories identified "]' /> 
							<logger level="DEBUG" doc:name="Logger" doc:id="86ed200e-a8ee-43f4-8b5a-5edb185aa0e8" 
							message="#[payload]" /> <ee:transform doc:name="Transform Message" doc:id="3616c5fb-69fd-4eea-8e58-a4f2f141bd1e"> 
							<ee:message> <ee:set-payload><![CDATA[%dw 2.0 output application/json -&#45;&#45; 
							{ "status": "Complete . No version upgrades have been performed due to missing 
							Repository", stage: "complete", data: payload map ((app,index) -> { appName: 
							app.appName, repoName: if (app.RepoName?) app.RepoName else " Repository 
							information unavailable" //, //( branchStatus: "expecting branch : $(branchName) 
							but found $(app.availableBranches joinBy ' , ')" )if (app.availableBranches?) 
							}) }]]></ee:set-payload> </ee:message> </ee:transform> </otherwise> </choice> -->

					</when>
					<otherwise>
						<logger level="ERROR" doc:name="Logger"
							doc:id="b756fadd-197b-45b1-bac9-de692f7be4cc"
							message='#[" No applications found which are not at mule Version $(vars.targetVersion)"]' />
						<ee:transform doc:name="SetPayload"
							doc:id="eab30206-c82b-41e2-b51b-85de9d59aed1">
							<ee:message>
								<ee:set-payload><![CDATA[%dw 2.0
output application/json
---
{
	status: "No Apps qualified on environment $(vars.userInput.environment) for version upgrade to $(vars.targetVersion)",
	userInput: vars.userInput
}]]></ee:set-payload>
							</ee:message>
							<ee:variables>
								<ee:set-variable variableName="httpStatus"><![CDATA[%dw 2.0
output application/java
---
200]]></ee:set-variable>
							</ee:variables>
						</ee:transform>
					</otherwise>
				</choice>
				<os:store doc:name="Store status"
					doc:id="51a28e6b-a0f7-4dce-ae60-17722ea655ca"
					key="#[Mule::p('status-key') ++ vars.txId]"
					objectStore="tokenObjectStore">
				</os:store>
			</when>
			<otherwise>
				<logger level="INFO" doc:name="Log Error"
					doc:id="3d50354d-749f-4998-833c-2efbdd60bf56"
					message='#[" No matching environments found with provided input , provided environment is $(vars.userInput.environment)"]' />
				<ee:transform doc:name="SetPayload"
					doc:id="16f4b940-6fb4-431c-97f6-833a7afd2734">
					<ee:message>
						<ee:set-payload><![CDATA[%dw 2.0
output application/json
---
{
	status: "No environments found with name  $(vars.userInput.environment)",
	userInput: vars.userInput
}]]></ee:set-payload>
					</ee:message>
					<ee:variables>
						<ee:set-variable variableName="httpStatus"><![CDATA[%dw 2.0
output application/java
---
400]]></ee:set-variable>
					</ee:variables>
				</ee:transform>
			</otherwise>
		</choice>
	</flow>
</mule>
