<?xml version="1.0" encoding="UTF-8"?>

<mule xmlns:os="http://www.mulesoft.org/schema/mule/os" 
	xmlns:ee="http://www.mulesoft.org/schema/mule/ee/core" xmlns="http://www.mulesoft.org/schema/mule/core"
	xmlns:doc="http://www.mulesoft.org/schema/mule/documentation"
	xmlns:xsi="http://www.w3.org/2001/XMLSchema-instance" xsi:schemaLocation="http://www.mulesoft.org/schema/mule/core http://www.mulesoft.org/schema/mule/core/current/mule.xsd
http://www.mulesoft.org/schema/mule/ee/core http://www.mulesoft.org/schema/mule/ee/core/current/mule-ee.xsd
http://www.mulesoft.org/schema/mule/os http://www.mulesoft.org/schema/mule/os/current/mule-os.xsd">
	<error-handler name="errorError_Handler" doc:id="5d8fb428-f492-4010-8dc0-1248b1be5e8b" doc:name="errorError_Handler" >
		<on-error-propagate type="APIKIT:BAD_REQUEST">
                <ee:transform xsi:schemaLocation="http://www.mulesoft.org/schema/mule/ee/core http://www.mulesoft.org/schema/mule/ee/core/current/mule-ee.xsd">
                    <ee:message>
                        <ee:set-payload><![CDATA[%dw 2.0
output application/json
---
log({message: "Bad request"})]]></ee:set-payload>
                    </ee:message>
                    <ee:variables>
                        <ee:set-variable variableName="httpStatus"><![CDATA[400]]></ee:set-variable>
                    </ee:variables>
                </ee:transform>
            </on-error-propagate>
            <on-error-propagate type="APIKIT:NOT_FOUND">
                <ee:transform xsi:schemaLocation="http://www.mulesoft.org/schema/mule/ee/core http://www.mulesoft.org/schema/mule/ee/core/current/mule-ee.xsd">
                    <ee:message>
                        <ee:set-payload><![CDATA[%dw 2.0
output application/json
---
{message: "Resource not found"}]]></ee:set-payload>
                    </ee:message>
                    <ee:variables>
                        <ee:set-variable variableName="httpStatus">404</ee:set-variable>
                    </ee:variables>
                </ee:transform>
            </on-error-propagate>
            <on-error-propagate type="APIKIT:METHOD_NOT_ALLOWED">
                <ee:transform xsi:schemaLocation="http://www.mulesoft.org/schema/mule/ee/core http://www.mulesoft.org/schema/mule/ee/core/current/mule-ee.xsd">
                    <ee:message>
                        <ee:set-payload><![CDATA[%dw 2.0
output application/json
---
{message: "Method not allowed"}]]></ee:set-payload>
                    </ee:message>
                    <ee:variables>
                        <ee:set-variable variableName="httpStatus">405</ee:set-variable>
                    </ee:variables>
                </ee:transform>
            </on-error-propagate>
            <on-error-propagate type="APIKIT:NOT_ACCEPTABLE">
                <ee:transform xsi:schemaLocation="http://www.mulesoft.org/schema/mule/ee/core http://www.mulesoft.org/schema/mule/ee/core/current/mule-ee.xsd">
                    <ee:message>
                        <ee:set-payload><![CDATA[%dw 2.0
output application/json
---
{message: "Not acceptable"}]]></ee:set-payload>
                    </ee:message>
                    <ee:variables>
                        <ee:set-variable variableName="httpStatus">406</ee:set-variable>
                    </ee:variables>
                </ee:transform>
            </on-error-propagate>
            <on-error-propagate type="APIKIT:UNSUPPORTED_MEDIA_TYPE">
                <ee:transform xsi:schemaLocation="http://www.mulesoft.org/schema/mule/ee/core http://www.mulesoft.org/schema/mule/ee/core/current/mule-ee.xsd">
                    <ee:message>
                        <ee:set-payload><![CDATA[%dw 2.0
output application/json
---
{message: "Unsupported media type"}]]></ee:set-payload>
                    </ee:message>
                    <ee:variables>
                        <ee:set-variable variableName="httpStatus">415</ee:set-variable>
                    </ee:variables>
                </ee:transform>
            </on-error-propagate>
            <on-error-propagate type="APIKIT:NOT_IMPLEMENTED">
                <ee:transform xsi:schemaLocation="http://www.mulesoft.org/schema/mule/ee/core http://www.mulesoft.org/schema/mule/ee/core/current/mule-ee.xsd">
                    <ee:message>
                        <ee:set-payload><![CDATA[%dw 2.0
output application/json
---
{message: "Not Implemented"}]]></ee:set-payload>
                    </ee:message>
                    <ee:variables>
                        <ee:set-variable variableName="httpStatus">501</ee:set-variable>
                    </ee:variables>
                </ee:transform>
            </on-error-propagate>
		<on-error-propagate enableNotifications="true" logException="true" doc:name="On Error Propagate" doc:id="5fb7d96e-2130-4565-8b33-2244a3c3e755" type="APP:MULE-VERSION-INVALID, APP:ORG-NAME-INVALID,VALIDATION:NULL,APP:ENV-NAME-INVALID">
			<logger level="ERROR" doc:name="Logger" doc:id="bc9ef193-15ba-427f-9245-32d721cdc053" message='#[error]'/>
			<ee:transform doc:name="Transform Message" doc:id="9e4036d0-4520-495c-93ae-bf5b07999e94" >
				<ee:message >
					<ee:set-payload ><![CDATA[%dw 2.0
output application/json
---
{
	status: error.description
}]]></ee:set-payload>
				</ee:message>
				<ee:variables >
					<ee:set-variable variableName="httpStatus" ><![CDATA[%dw 2.0
output application/java
---
400]]></ee:set-variable>
				</ee:variables>
			</ee:transform>
		</on-error-propagate>
	</error-handler>
	<error-handler name="async-error-handler" doc:id="c813a360-d0c8-4247-ad63-3d913e3e0060" >
	<on-error-continue enableNotifications="false" logException="false" doc:name="On Error Continue" doc:id="9431ea7a-356d-4220-9a07-4c38e8aa4b59" type="VM:EMPTY_QUEUE">
			<logger level="INFO" doc:name="Logger" doc:id="dc0aa3ec-8941-4ed1-bd73-b5d5d99827d4" message='#[" No Tasks in progress"]'/>
		</on-error-continue>
		<on-error-continue enableNotifications="true" logException="true" doc:name="On Error Continue" doc:id="e59fa1e4-103c-4713-b0e4-797a7ec5b192" type="ANY">
			<logger level="ERROR" doc:name="Logger" doc:id="f8216790-74b1-4795-95d0-be2fb9aaab33" message='#[" Error occurred during task "]'/>
			<logger level="INFO" doc:name="Logger" doc:id="3f560922-c66d-4d53-adfb-e41e2973fe89" message="#[error]"/>
			<os:store doc:name="Store" doc:id="e9dd2e22-b86d-4fb6-8494-3c909050ebbf" key="#[Mule::p('status-key') ++ vars.txId]" objectStore="tokenObjectStore">
				<os:value ><![CDATA[#[output application/json
var txId = vars.txId
---
{
	status: "Task Failed or Partially failed",
	stage: "Aborted",
	error: error
}]]]></os:value>
			</os:store>
			<flow-ref doc:name="flow-controller-subFlow" doc:id="db25d5ac-0c6f-4463-a5dc-9de7a3086fef" name="flow-controller-subFlow"/>
		</on-error-continue>
		
	</error-handler>
</mule>
