<?xml version="1.0" encoding="UTF-8"?>

<mule xmlns:scripting="http://www.mulesoft.org/schema/mule/scripting" xmlns="http://www.mulesoft.org/schema/mule/core"
	xmlns:doc="http://www.mulesoft.org/schema/mule/documentation"
	xmlns:xsi="http://www.w3.org/2001/XMLSchema-instance" xsi:schemaLocation="http://www.mulesoft.org/schema/mule/core http://www.mulesoft.org/schema/mule/core/current/mule.xsd
http://www.mulesoft.org/schema/mule/scripting http://www.mulesoft.org/schema/mule/scripting/current/mule-scripting.xsd">
	<sub-flow name="flow-controller-subFlow" doc:id="6304fefe-ad44-4147-af02-1dbf61de9767" >
		<scripting:execute engine="groovy" doc:name="manage Flow" doc:id="f9c96ad5-c0c0-4778-9777-471e8f8243f4">
					<scripting:code><![CDATA[flow = registry.lookupByName(flowName).get();
      if (flow.isStarted())
        flow.stop()
      else 
        flow.start()]]></scripting:code>
			<scripting:parameters ><![CDATA[#[{flowName : vars.manageFlowName default "check-apps-status-NFlow"}]]]></scripting:parameters>
				</scripting:execute>
	</sub-flow>
</mule>
