<?xml version="1.0" encoding="UTF-8"?>

<mule xmlns:aggregators="http://www.mulesoft.org/schema/mule/aggregators" xmlns:os="http://www.mulesoft.org/schema/mule/os"
	xmlns:vm="http://www.mulesoft.org/schema/mule/vm"
	xmlns:http="http://www.mulesoft.org/schema/mule/http" xmlns:ee="http://www.mulesoft.org/schema/mule/ee/core" xmlns="http://www.mulesoft.org/schema/mule/core" xmlns:doc="http://www.mulesoft.org/schema/mule/documentation" xmlns:xsi="http://www.w3.org/2001/XMLSchema-instance" xsi:schemaLocation="http://www.mulesoft.org/schema/mule/core http://www.mulesoft.org/schema/mule/core/current/mule.xsd
http://www.mulesoft.org/schema/mule/ee/core http://www.mulesoft.org/schema/mule/ee/core/current/mule-ee.xsd
http://www.mulesoft.org/schema/mule/http http://www.mulesoft.org/schema/mule/http/current/mule-http.xsd
http://www.mulesoft.org/schema/mule/vm http://www.mulesoft.org/schema/mule/vm/current/mule-vm.xsd
http://www.mulesoft.org/schema/mule/os http://www.mulesoft.org/schema/mule/os/current/mule-os.xsd
http://www.mulesoft.org/schema/mule/aggregators http://www.mulesoft.org/schema/mule/aggregators/current/mule-aggregators.xsd">
	<sub-flow name="manage-app-promotion-OldsubFlow" doc:id="44d823d3-7b41-4e67-bdf6-f5a6dacfbc56" >
		<flow-ref doc:name="get-applications-subFlow"
	doc:id="7c4b26ba-80bc-49fa-9d24-3faf614155a7"
	name="get-applications-subFlow" />
		<foreach doc:name="For Each" doc:id="bb272c1d-a498-4e04-a8e0-87f1a363da60" collection="#[payload[?($.domain ~= 'basicauth-demo')] as Iterator]">
			<logger level="INFO" doc:name="Log getMetaData" doc:id="a633a01c-04c0-402a-93bb-731e2a1dc755" message='#["get meta data for app : $(payload.domain)"]'/>
			<http:request method="POST" doc:name="Deploy App" doc:id="6be80a11-d30d-410d-b003-cd26701fb4ac" config-ref="anypoint-http-config" path="#[&quot;/&quot;++ Mule::p('anypoint-platform.apps-path')]">
				<http:body ><![CDATA[#[vars.appInfo]]]></http:body>
				<http:headers ><![CDATA[#[output application/java
---
{
	'X-ANYPNT-ENV-ID':vars.orgEnvIds.target.envId default vars.targetEnvId,
	'X-ANYPNT-ORG-ID': vars.orgEnvIds.target.orgId default vars.orgId,
	Authorization: vars.accessToken
}]]]></http:headers>
			</http:request>
			<logger level="INFO" doc:name="Logger" doc:id="6f0d288c-ff94-418f-99d2-5a2cacd18a99" message="#[payload]"/>
		</foreach>
		<ee:transform doc:name="Transform Message" doc:id="fc58d242-eb4b-4647-9e77-751b65855f8b" >
			<ee:message >
				<ee:set-payload ><![CDATA[%dw 2.0
output application/json
---
vars.appInfos]]></ee:set-payload>
			</ee:message>
		</ee:transform>
	</sub-flow>
	<sub-flow name="manage-app-promotion-subFlow" doc:id="d9e92d1e-620f-4d9e-9d8f-e0080ac147d4" >
		<logger level="INFO" doc:name="Log Entry" doc:id="c40ccc06-c6a7-4392-8503-439fbdf283cd" message='#[output application/java --- "Entry . Manage application promotion from $(vars.sourceEnv) to $(vars.targetEnv)"]' />
		<set-variable value='#[output application/json ---
(readUrl("classpath://promotion/runtime-properties.yaml","application/yaml"))]' doc:name="Set runtimeProps" doc:id="aedcef14-d2d0-40e4-a838-101035b74dae" variableName="runtimeProps"/>
		<foreach doc:name="For Each Eligible App" doc:id="fe188a3d-c19a-4662-a6a1-d10db4c34955" >
			<logger level="INFO" doc:name="Log getMetaData" doc:id="11176655-6306-4d40-938a-1d7f710c7c1f" message='#[output application/java --- "get meta data for app : $(payload.appInfo.domain) from Source $(vars.sourceEnv)"]'/>
			<http:request method="GET" doc:name="Get Source App MetaData" doc:id="987e4d44-a594-4814-888b-696c95e5884e" config-ref="anypoint-http-config" path="#[&quot;/&quot; ++ Mule::p('anypoint-platform.app-meta-path')]" target="metaData">
				<http:headers><![CDATA[#[output application/java
---
{
	
	Authorization: vars.accessToken
}]]]></http:headers>
				<http:uri-params><![CDATA[#[output application/java
---
{
	"source-env": vars.sourceEnvId default vars.envId,
	"domain-name": payload.appInfo.domain
}]]]></http:uri-params>
			</http:request>
			<logger level="INFO" doc:name="Log Response" doc:id="2854c2f8-4ceb-4114-b317-1307f442a485" message='#[output application/java --- "meta data for app : $(payload.appInfo.domain) obtained , Status of app $(payload.appInfo.status)"]' />
			<ee:transform doc:name="Transform Message" doc:id="3d30639c-9ba7-4666-bc39-d7bad8e7e502">
				<ee:message>
				</ee:message>
				<ee:variables>
					<ee:set-variable variableName="appInfo"><![CDATA[%dw 2.0
output application/json

import mergeWith from dw::core::Objects


var metaData = vars.metaData
var sourceEnv = vars.sourceEnv
var targetEnv = vars.targetEnv //vars.orgEnvIds.target.envName

var formatName = (appName) -> appName match {

    case app if(log(app) contains log(lower(sourceEnv))) -> app replace lower(sourceEnv) with lower(targetEnv)

    else -> appName ++ "-" ++ lower(targetEnv)
}

---


(using (muleVersion = metaData.muleVersion, formattedAppName = formatName(metaData.domain))
{promoteInput:	{
  "applicationSource": {
    "fileSource": metaData.applicationId,
    "fileChecksum": metaData.fileHash,
    "source": "SANDBOX"
  },
  "applicationInfo": ( {
  	domain: formattedAppName
  })  mergeWith (payload.appInfo - "domain"),
  "autoStart": if(payload.appInfo.status ~= 'STARTED') true else false
},
repoInfo: payload.repoInfo
}
)]]></ee:set-variable>
				</ee:variables>
			</ee:transform>
			<try doc:name="Try" doc:id="da722c32-6ab2-497d-8411-65b4331488eb" >
				<http:request method="GET" doc:name="Get Content of src/main/mule/config.xml" doc:id="349464d6-2dac-4347-b323-74231600cfd5" config-ref="gitHttpRequestConfig" url='#[payload.repoInfo.RepoUrl ++ "/contents/src/main/mule/config.xml"]' target="configContents">
				<http:query-params><![CDATA[#[output application/java
---
{
	ref: payload.repoInfo.Branch
}]]]></http:query-params>
			</http:request>
				<error-handler >
					<on-error-continue enableNotifications="false" logException="false" doc:name="On Error Continue" doc:id="f50cc10a-9b16-4578-af91-d55073aa7318" type="HTTP:NOT_FOUND">
						<try doc:name="Try" doc:id="ed83e89c-39b4-4898-b7dc-a20181d194be" >
							<http:request method="GET" doc:name="try http-proxy.xml" doc:id="36f9b8a8-d302-4c2f-bb68-8eab3fec180c" config-ref="gitHttpRequestConfig" url='#[payload.repoInfo.RepoUrl ++ "/contents/src/main/mule/http-proxy.xml"]' target="configContents">
							<http:query-params><![CDATA[#[output application/java
---
{
	ref: payload.repoInfo.Branch
}]]]></http:query-params>
						</http:request>
							<error-handler >
								<on-error-continue enableNotifications="false" logException="false" doc:name="On Error Continue" doc:id="e7cfd324-c6d3-41a9-9aac-a32eb5c253de" type="HTTP:NOT_FOUND">
									<set-variable value="#[output application/json --- {}]" doc:name="Set Variable" doc:id="6dc42bd5-77f4-4e0f-aa55-1b365faa5e20" variableName="configContents"/>
								</on-error-continue>
							</error-handler>
						</try>
					</on-error-continue>
				</error-handler>
			</try>
			<try doc:name="Try" doc:id="b1264f3c-c232-409f-bf14-e0e22c066911" >
				<http:request method="GET" doc:name="Check for properties" doc:id="fe0c0b7f-f5ee-4851-9c85-e1b3c7302212" config-ref="gitHttpRequestConfig" url='#[payload.repoInfo.RepoUrl ++ "/contents/src/main/resources"]' target="propertyFiles" targetValue="#[payload.name default []]">
				<http:query-params><![CDATA[#[output application/java
---
{
	ref: payload.repoInfo.Branch
}]]]></http:query-params>
			</http:request>
				<error-handler >
					<on-error-continue enableNotifications="true" logException="true" doc:name="On Error Continue" doc:id="938f675e-8068-4b9f-b069-9b4d241b3290" type="HTTP:NOT_FOUND">
						<set-variable value="#[output application/json --- []]" doc:name="Set Variable" doc:id="2161676b-d9cf-4319-ac3b-b28fef8b559c" variableName="propertyFiles"/>
					</on-error-continue>
				</error-handler>
			</try>
			<ee:transform doc:name="Transform Message" doc:id="6893fbc4-3ce1-4ab7-9599-2498f7b54530" >
				<ee:message >
				</ee:message>
				<ee:variables >
					<ee:set-variable variableName="appsInfo" ><![CDATA[%dw 2.0
output application/json

var configContents = vars.configContents
ns gateway http://www.mulesoft.org/schema/mule/api-gateway

var propertyFiles = vars.propertyFiles

var targetEnv = if (not isEmpty(propertyFiles filter((fileName,index) -> fileName contains lower(vars.targetEnv)))) lower(vars.targetEnv)
else lower(vars.sourceEnv)

var apiIdExists = if(not isEmpty(configContents)) read(dw::core::Binaries::fromBase64(configContents.content),"application/xml").mule.gateway#autodiscovery.@apiId?
else false
var apiIdPlaceHolder = 
( 
	if(apiIdExists) 
		read(dw::core::Binaries::fromBase64(configContents.content),"application/xml").mule.gateway#autodiscovery.@apiId 
	else ""
) replace
("\$" ++ "{") with "" replace "}" with ""



var runtimeObj = vars.runtimeProps."$(lower (vars.targetEnv))" mapObject((val,key) -> {
	
	(key) : Mule::p("secure::" ++ "$(lower (vars.targetEnv))" ++ "." ++ "$key" )
})

var propertyOptions = (runtimeObj pluck $$ map((item,index) -> {

    (item):{
        secure: true
    }
})) reduce((it,acc={}) -> acc ++ it)

---
(vars.appsInfo default []) << (vars.appInfo update {
	
	case repoInfo at .repoInfo -> repoInfo ++ 
	{apiIdExists : apiIdExists , 
	(hasStaticIPs: vars.appInfo.promoteInput.applicationInfo.staticIPsEnabled) if(vars.appInfo.promoteInput.applicationInfo.staticIPsEnabled),
	appName: vars.appInfo.promoteInput.applicationInfo.domain,
	gitToken: vars.userInput.gitToken
	}
	case properties at .promoteInput.applicationInfo.properties -> properties dw::core::Objects::mergeWith (runtimeObj  ++ {
		
		env: targetEnv,
(		(apiIdPlaceHolder): 99999) if(apiIdExists) 
	})
    case propOptions at .promoteInput.applicationInfo.propertiesOptions ->
    propOptions dw::core::Objects::mergeWith propertyOptions
})]]></ee:set-variable>
				</ee:variables>
			</ee:transform>
		</foreach>
		<set-payload value="#[vars.appsInfo]" doc:name="Set Payload" doc:id="c0016b16-11a2-4e26-b6ae-236e4e4786b6" />
		<ee:transform doc:name="Transform Message" doc:id="7047047b-d418-46b6-ad96-9a7699779c24" >
			<ee:message >
				<ee:set-payload ><![CDATA[%dw 2.0
output application/json

var groupSize = sizeOf(payload default [])
var groupId = vars.txId
var promoteConcurrency = vars.userInput."update-concurrency" default 5
---

do{
	var batchInput = dw::core::Arrays::divideBy(payload,promoteConcurrency)

---
	batchInput map((batch,index) -> {
	groupId: groupId,
	groupIndex: (index + 1),
	groupSize: sizeOf(batchInput),
	data : batch
	
	
}
	)
	}]]></ee:set-payload>
			</ee:message>
		</ee:transform>
		<logger level="DEBUG" doc:name="Logger" doc:id="48f99d2c-f59f-4044-9886-c3dad611f9ca" message="#[payload]"/>
		<foreach doc:name="For Each" doc:id="a31e292b-83d1-4f06-95ce-08f129d28b54" >
			<vm:publish queueName="promoteInitQueue" doc:name="Publish promoteInitQueue" doc:id="a09a41e6-f098-40cf-9e7b-8fe42af8eea8" config-ref="PromotionVMConfig" sendCorrelationId="ALWAYS"/>
		</foreach>
		<ee:transform doc:name="Transform Message" doc:id="2f657d82-4e47-4ac5-abba-6ef788d154f0" >
			<ee:message >
				<ee:set-payload ><![CDATA[%dw 2.0
output application/json
---
{
	status: "Application promotion from $(vars.sourceEnv) to $(vars.targetEnv) initiated",
	"stage": "Update In Progess",
	"task": {
		"href": "/api/cloudhub/promotion/applications/$(vars.txId)",
		"id": vars.txId,
		"type": "GET"
	},
	data: {
    configuration: (flatten(payload.data) map ((app, index) -> {
      (app.promoteInput.applicationInfo.domain): 
        if (app.repoInfo.hasStaticIPs? or app.repoInfo.apiIdExists)
          ({
            "post-deployment-configuration": {
              ("apiIdConfig": "api.id key set as runtime property with value 99999") if (app.repoInfo.apiIdExists),
              (staticIp: " Needs to be obtained from available pool of IPs") if (app.repoInfo.hasStaticIPs?)
            }
          })
        else
          "No further configuration required"
    })) default [] reduce ((it, acc = {}) -> acc ++ it)
  }
}]]></ee:set-payload>
			</ee:message>
			<ee:variables >
			</ee:variables>
		</ee:transform>
		<logger level="INFO" doc:name="Logger" doc:id="0763bec5-41dc-4fda-907a-df78ed8c6507" message='#["Exit - " ++ flow.name]'/>
	</sub-flow>
	<flow name="manage-app-promotionFlow" doc:id="fa54972a-b6df-46a9-88b7-de26a9134eaf" initialState="started" maxConcurrency="1">
		<vm:listener doc:name="Listener promoteInitQueue" doc:id="34b6442d-7d92-462e-aa3b-5bca45934a1b" config-ref="PromotionVMConfig" queueName="promoteInitQueue" numberOfConsumers="1"/>
		<set-variable value="#[payload.groupId]" doc:name="Set txId" doc:id="de593aba-6093-4252-9d4a-14e50ae2dab9" variableName="txId"/>
		<logger level="INFO" doc:name="Logger" doc:id="b48a880d-7eda-4b49-afdb-4115787f9deb" message='#["Message belonging to group $(payload.groupId) and sequence $(payload.groupIndex) received "]' />
		<set-variable value="#[payload.groupIndex]" doc:name="Set groupIndex" doc:id="5abba717-cb21-4850-bbfe-a1230708c718" variableName="groupIndex"/>
		<os:retrieve doc:name="Retrieve accessToken" doc:id="b1b59e9c-67d2-40be-9081-f2e07cebf8f2" key="accessToken" objectStore="tokenObjectStore" target="accessToken"/>
		<os:retrieve doc:name="Retrieve orgEnvData" doc:id="8a374179-4e3d-4f0e-a420-ac8db00a22ae" key="#[Mule::p('org-env-key') ++ vars.txId]" objectStore="tokenObjectStore" target="orgEnvData"/>
		<logger level="DEBUG" doc:name="Log orgEnv Data  DEBUG" doc:id="26cd0122-a1f9-4859-b393-39493d9e399b" message="#[vars.orgEnvData]"/>
		<parallel-foreach collection="#[payload.data]" target="promotionResponse" targetValue="#[payload.payload]" doc:name="promote Parallel">
		<flow-ref name="promote-app-subFlow" />
		</parallel-foreach>
		<ee:transform doc:name="Transform Message" doc:id="735b10b8-a282-454d-beb5-6bd60390c1cf" >
			<ee:message >
				<ee:set-payload ><![CDATA[%dw 2.0
output application/json
---
payload update {
	
	case metaData at .metaData! -> {
		accessToken : vars.accessToken,
		envId: vars.orgEnvData.target.envId,
		envName: vars.orgEnvData.target.envName,
		sourceEnvName: vars.orgEnvData.source.envName
		
	}
	case data at .data -> vars.promotionResponse
}]]></ee:set-payload>
			</ee:message>
		</ee:transform>
		<os:retrieve doc:name="Retrieve Status" doc:id="37ae363b-8934-401c-9f19-fe75acd878b2" key="#[Mule::p('status-key') ++ vars.txId]" objectStore="tokenObjectStore" target="existingStatus">
			<os:default-value ><![CDATA[{}]]></os:default-value>
		</os:retrieve>
		<os:store doc:name="Store Status" doc:id="49af7768-7f1f-46c5-b7f4-c0ddb08cc662" objectStore="tokenObjectStore" key="#[Mule::p('status-key') ++ vars.txId]">
			<os:value ><![CDATA[#[output json

var baseMessage = {
	status : "Application promotion initiated  ",
	stage: "In Progress"
	

}
---
baseMessage ++ ((vars.existingStatus update {
	
	case data at .data! -> (data default {}) ++ {
		("promoted" ++ "-" ++ (payload.groupIndex)): payload.data.appName
	}
}) - "status" - "stage")]]]></os:value>
		</os:store>
		<choice doc:name="Choice" doc:id="cd02d3d6-29c4-444f-99f4-9822b6e55c72" >
			<when expression="#[payload.groupIndex ~= 1]">
				<set-variable value='#["check-app-promotStatus-Flow"]' doc:name="Set Controller flow name" doc:id="3dd747e8-6b49-48b1-86f0-69344a73c83e" variableName="manageFlowName"/>
				<flow-ref doc:name="flow-controller-subFlow" doc:id="cd06164e-68cb-4f55-bd37-6ab6201eee95" name="flow-controller-subFlow" target="startFlow" />
			</when>
		</choice>
		<vm:publish doc:name="Publish promoteAppQueue" doc:id="5cbc7743-4954-432f-b153-eea36d198560" config-ref="PromotionVMConfig" queueName="promoteAppQueue"/>
		<vm:consume queueName="promoteAggQueue" doc:name="Consume promoteAggQueue" doc:id="1e51dfc6-bcda-4aff-8a4e-b0a1ee02bdbf" config-ref="PromotionVMConfig" timeoutUnit="HOURS"/>
		<aggregators:group-based-aggregator doc:name="Group based aggregator" doc:id="53daf105-926d-4d28-a3db-ca6f31c52167" name="appPromotionAggregator" groupId="#[payload.groupId]" groupSize="#[payload.groupSize]" evictionTime="0" objectStore="tokenObjectStore">
			<aggregators:incremental-aggregation >
				<logger level="INFO" doc:name="Logger" doc:id="1cfcd8ab-dd1b-4a49-b26f-ea7cff9f1ad5" message='#[output java --- "Status check complete for Batch : $(payload[-1].groupId) , $(payload[-1].groupIndex) of $(payload[-1].groupSize) complete"]'/>
			</aggregators:incremental-aggregation>
			<aggregators:aggregation-complete >
				<logger level="INFO" doc:name="Logger" doc:id="4c927b70-6768-4ccb-9251-90a2a2155aba" message='#[output java --- "Aggregation complete , Status check complete for Batch : $(payload[-1].groupId) , $(payload[-1].groupIndex) of $(payload[-1].groupSize) complete"]'/>
				<set-variable value='#["check-app-promotStatus-Flow"]' doc:name="Set Controller flow name" doc:id="6d124146-f850-47e2-bce7-8655d4910d3f" variableName="manageFlowName" />
				<flow-ref doc:name="flow-controller-subFlow" doc:id="104fa335-86fd-4ba7-ade2-61bcb00fe703" name="flow-controller-subFlow" target="stopFlow"/>
			</aggregators:aggregation-complete>
		</aggregators:group-based-aggregator>
		<os:retrieve doc:name="Retrieve gitToken" doc:id="9a1ed377-4d80-458e-bf61-04e1aedb4592" key="gitToken" objectStore="tokenObjectStore" target="userInput" targetValue="#[output application/json --- {gitToken: payload}]"/>
		<flow-ref doc:name="update-repo-promotion-subFlow" doc:id="062987f3-4ef7-49b0-98b3-f65ab0bf75cc" name="update-repo-promotion-subFlow"/>
		<logger level="INFO" doc:name="Logger" doc:id="3c97c461-a161-4cb8-b81e-a14bb3eadd35" message='#["Exit -- " ++ flow.name]'/>
		<error-handler ref="async-error-handler"/>
	</flow>
	<flow name="check-app-promotStatus-Flow" doc:id="120aa64a-ec93-43c3-8eac-ac7f71908a4d" initialState="stopped">
		<scheduler doc:name="Scheduler" doc:id="a8f7c64e-48e7-4044-9938-69a4fe6d4c60" >
			<scheduling-strategy >
				<fixed-frequency frequency="120" startDelay="30" timeUnit="SECONDS"/>
			</scheduling-strategy>
		</scheduler>
		<vm:consume doc:name="Consume promoteAppQueue" doc:id="4cbede92-3289-48bf-8df0-cc6a6c554dfa" config-ref="PromotionVMConfig" queueName="promoteAppQueue"/>
		<logger level="INFO" doc:name="Log Entry" doc:id="08e7bd7f-0024-4c1c-a29f-13c69e8b4f2c" message='#[output application/java --- "Request received to check application Status for Batch : $(payload.groupId) , Sequence : $(payload.groupIndex)"]'/>
		<set-variable value="#[payload.groupId]" doc:name="Set txId" doc:id="c5076574-6393-4e12-8226-5b270f48fd19" variableName="txId"/>
		<set-variable value="#[payload.metaData.accessToken]" doc:name="Set accessToken" doc:id="4b7db7ba-1ba7-42af-b8dd-fd0418b43f1a" variableName="accessToken"/>
		<set-variable value="#[payload.metaData.envId]" doc:name="Set envId" doc:id="8b6802dd-defb-4cee-ab55-86496ae61624" variableName="envId"/>
		<set-variable value='#["promote"]' doc:name="Set statusTypeCheck" doc:id="f8169edb-8632-48cd-a8bf-f5dcfc047c98" variableName="checkType"/>
		<parallel-foreach maxConcurrency="10"
			doc:name="Parallel Status_Check" collection="#[payload.data[?(not $.statusObtained)]]" target ="processed" targetValue="#[payload.payload]">
			<flow-ref name="check-appStatus_subFlow"
				doc:name="chechAppStatus" />
		</parallel-foreach>
		<ee:transform doc:name="Transform Message" doc:id="cf757d55-f625-4a73-a66e-1a5f9f3b94fd" >
			<ee:message >
				<ee:set-payload ><![CDATA[%dw 2.0
output application/json

---
using(statusResponse = vars.processed) (payload update {
	
	case data at .data -> data map((app,index) -> (statusResponse[?($.appName ~= app.appName )][0] default app))
})]]></ee:set-payload>
			</ee:message>
		</ee:transform>
		<os:retrieve doc:name="Retrieve Status" doc:id="c9faa0be-955f-4cdc-a68c-89a086bf2d1b" key="#[Mule::p('status-key') ++ vars.txId]" objectStore="tokenObjectStore" target="existingStatus">
			<os:default-value ><![CDATA[{}]]></os:default-value>
		</os:retrieve>
		<os:store doc:name="Store Status" doc:id="e9c323e2-5654-4701-99c8-3341aadacfbb" key="#[Mule::p('status-key') ++ vars.txId]" objectStore="tokenObjectStore">
			<os:value ><![CDATA[#[output json
var baseMessage = {
	status: "Application promotion In Progress  ",
	stage: "In Progress"
}
---
baseMessage ++ ((vars.existingStatus update {
	case data at .data! -> (data default {
	}) dw::core::Objects::mergeWith ({
		("deploymentStatus" ++ "-" ++ (payload.groupIndex)): (payload.data default [] reduce(it,acc={}) -> acc ++ {
			(it.appName): (it.appStatus)
		})
	})
}) - "status" - "stage")]]]></os:value>
		</os:store>
		<logger level="DEBUG" doc:name="Log Debug" doc:id="c0b7cf1a-19f3-489f-8e11-6d59e363943a" message="#[payload]"/>
		<choice doc:name="Status Obtained" doc:id="8d351687-0ed5-4eb4-bc0c-65a303702216" >
			<when expression="#[isEmpty(payload.data[?(not $.statusObtained)])]">
				<logger level="INFO" doc:name="Logger" doc:id="9e56db07-e34c-498b-886c-f396242ea463" message='#[" Status obtained for all applications belonging to Batch :$(vars.txId) ans Sequence : $(payload.groupIndex)"]'/>
				<vm:publish doc:name="Publish promoteAggQueue" doc:id="dc66c237-0008-4580-8ceb-f0f19f2f050d" config-ref="PromotionVMConfig" queueName="promoteAggQueue"/>
			</when>
			<otherwise >
				<logger level="INFO" doc:name="Logger" doc:id="e01da5da-db09-4761-b2fc-f22006cd7c40" message='#[" Status update in progress for Batch :$(vars.txId) ans Sequence : $(payload.groupIndex)"]'/>
				<vm:publish doc:name="Publish promoteAppQueue" doc:id="5c3ab8c6-4825-46a2-b087-9b6ee979c410" config-ref="PromotionVMConfig" queueName="promoteAppQueue"/>
			</otherwise>
		</choice>
		<error-handler ref="async-error-handler"/>
	</flow>
	<sub-flow name="update-repo-promotion-subFlow" doc:id="ffb9aecd-dfc1-4578-b6b5-97860336fe3a" >
		<logger level="INFO" doc:name="Log Entry" doc:id="94ddbad8-5b69-442c-b93f-59e68609ded3" message='#[output application/java --- " Repo to be updated for applications belonging to Batch Id : $(payload.groupId) , Sequence : $(payload.groupIndex) "]'/>
		<set-variable value="#[Mule::p('git.promote-branch')]" doc:name="Set promoteBranch" doc:id="d2daf40b-f585-48f9-bfd7-cadb0f8ec555" variableName="promoteBranch"/>
		<set-variable value='#[output application/json

var envName = payload.metaData.envName
---
using(envSuffix = lower(envName)) readUrl("classpath://promotion/runtime-properties.yaml","application/yaml")."$envSuffix" pluck $$]' doc:name="Set secureKeys" doc:id="e688bafe-63d2-490c-adfc-1a6a3b2f8c6b" variableName="secureKeys"/>
		<set-variable value="#[payload.metaData]" doc:name="Set metaData" doc:id="73f9c1e9-f758-4b58-8e59-30ec1ee0e2fb" variableName="metaData"/>
		<foreach doc:name="For Each App" doc:id="a58b93bf-44c1-4025-9e31-7cd9761d846d" collection="#[payload.data]">
			<set-variable value="#[payload]" doc:name="Set appDetails" doc:id="923ae3ab-5c3c-49a7-8ed0-333e489c22a9" variableName="appDetails"/>
			<flow-ref doc:name="perform-branching-subFlow" doc:id="2fb91d39-4c33-4ee7-aa1f-0e3ce27c749d" name="perform-branching-subFlow"/>
			<choice doc:name="new Branch Created?" doc:id="570b3dc8-df82-4049-9119-e52940b8d6a1" >
				<when expression="#[not payload.error?]">
					<logger level="INFO" doc:name="Logger" doc:id="325e7ac8-c306-43bc-9516-c168fd12a6e6" message='#[output application/java --- "Update Repository $(vars.appDetails.RepoName) for application $(vars.appDetails.appName) , Commit on Branch $(vars.targetBranch)"]'/>
					<flow-ref doc:name="update-repo-contents-promotion-subFlow" doc:id="7c2f99b4-3a9e-47b7-af3e-bf7d002e6c8c" name="update-repo-contents-promotion-subFlow"/>
				</when>
				<otherwise >
					<logger level="ERROR" doc:name="Logger" doc:id="9c14bc6c-a8d7-4779-acab-6b3ed235fcb5" message='#[output application/java --- "Branch creation failed for Repo:  $(vars.appDetails.RepoName) for application $(vars.appDetails.appName) , No commits to be made"]'/>
				</otherwise>
			</choice>
		</foreach>
	</sub-flow>
	<sub-flow name="update-repo-contents-promotion-subFlow" doc:id="3dfbd56b-d943-47eb-8fa6-8342d68f13c6" >
		<logger level="INFO" doc:name="Logger" doc:id="9b549c88-1f89-49e0-a2e4-88f02cfed0d0" message='#[output application/java --- "About to Update Repository $(vars.appDetails.RepoName) for application $(vars.appDetails.appName) , Commit on Branch $(vars.targetBranch)"]'/>
		<set-variable value="#[(Mule::p('git.promotion-file-filter') default &quot;&quot;) splitBy &quot;,&quot;]" doc:name="filesToUpdate" doc:id="ca934c18-00a0-496d-84ce-12231d4fddc5" variableName="filesToUpdate"/>
		<foreach doc:name="For Each File" doc:id="430ebaac-ef69-4c17-ba76-e3ad59252481" collection="#[vars.filesToUpdate]">
			<set-variable value="#[payload]" doc:name="Set fileName" doc:id="58ac862e-05c0-4593-a5ad-d9d932eb8654" variableName="fileName"/>
			<logger level="INFO" doc:name="Log File" doc:id="95d9b8fb-9864-4c3f-a098-18b22f7b680c" message='#[output application/json --- "Begin update of file: $(payload) in Repository $(vars.appDetails.RepoName) for application $(vars.appDetails.appName) , Commit on Branch $(vars.targetBranch)"]'/>
			<http:request method="GET" doc:name="Get Contents" doc:id="d7aa345a-f2b0-45ad-98e2-a7336bd0c557" config-ref="gitHttpRequestConfig" path="#[&quot;/&quot; ++ Mule::p('git.content-url-path')]">
				<http:uri-params ><![CDATA[#[output application/java
---
{
	owner: Mule::p("git.owner"),
	repo: vars.appDetails.RepoName,
	path: vars.fileName
	
}]]]></http:uri-params>
				<http:query-params ><![CDATA[#[output application/java
---
{
	"ref" : vars.targetBranch
}]]]></http:query-params>
			</http:request>
			<choice doc:name="fileType" doc:id="042488db-d216-47ba-94dd-ebc058146708" >
				<when expression='#[vars.fileName contains "artifact.json"]'>
					<ee:transform doc:name="Transform Message" doc:id="45d9d1ec-5c47-4a4c-9db8-2f7c2d08a534" >
						<ee:message >
							<ee:set-payload ><![CDATA[%dw 2.0
output application/json
import * from dw::core::Binaries
import mergeWith from dw::core::Objects
var secureKeys = vars.secureKeys
---
do {
	var updatedContents = using ( artifactJson = read(fromBase64(payload.content),"application/json") ) (artifactJson update {
		case secureProperties at .secureProperties! -> ((secureProperties default []) ++ secureKeys) distinctBy ((item, index) -> item )
	})

---
{
	content : toBase64(write(updatedContents,"application/json")),
	sha: payload.sha,
	
}
}
]]></ee:set-payload>
						</ee:message>
					</ee:transform>
				</when>
			</choice>
			<ee:transform doc:name="Transform Message" doc:id="a101461e-31dc-4e9e-9b8d-245b3b84a360" >
				<ee:message >
					<ee:set-payload ><![CDATA[%dw 2.0
output application/json
---
{
  "message": "Required update of $(vars.fileName) for Application promotion from $(vars.metaData.sourceEnvName default '') to $(vars.metaData.envName default '') ",
  "committer": {
    "name": "srv_easc_app",
    "email": "srv-easc-app@users.noreply.github.tfs.toyota.com"
  },
  branch: vars.targetBranch
  
  }  ++ payload]]></ee:set-payload>
				</ee:message>
			</ee:transform>
			<http:request method="PUT" doc:name="commit File" doc:id="bacc55f4-1262-42d9-aee4-2eb88a29f9eb" config-ref="gitHttpRequestConfig" path="#[&quot;/&quot; ++ Mule::p('git.content-url-path')]" >
				<http:uri-params ><![CDATA[#[output application/java
---
{
	owner: Mule::p("git.owner"),
	repo: vars.appDetails.RepoName,
	path: vars.fileName
	
}]]]></http:uri-params>
			</http:request>
			<http:request method="POST" doc:name="Create Pull Request" doc:id="dd11afe8-81da-4f7a-b792-0949c30c9c7e" config-ref="gitHttpRequestConfig" url='#[vars.appDetails.RepoUrl ++ "/pulls"]' target="pullRequestUrl" targetValue="#[payload.url]" >
				<http:body ><![CDATA[#[output application/json
var metaData = vars.metaData
---
{
  "title": " Application promotion from $(metaData.sourceEnvName default '') to $(metaData.envName default '')",
  "body": "Please check changes related to application promotion",
  "head": vars.targetBranch,
  "base": "master"
}]]]></http:body>
			</http:request>
			<http:request method="POST" doc:name="Add Reviewer to Pull Request" doc:id="dd887155-1675-4f02-ae6b-27317e01f72b" config-ref="gitHttpRequestConfig" url='#[vars.pullRequestUrl ++ "/requested_reviewers"]' target="reviewerResponse">
				<http:body><![CDATA[#[output application/json
---
{
  "reviewers": [
    "saulsb","chanemr1"
   
   
  ],
  "team_reviewers": [
   "saulsb","chanemr1"
  
  ]
}]]]></http:body>
			</http:request>
			<ee:transform doc:name="CaptureAppStatus" doc:id="3384c4dd-683d-4d35-a92d-6f33ba2dcaf4" >
				<ee:message />
				<ee:variables >
					<ee:set-variable variableName="updateRepoResponse" ><![CDATA[%dw 2.0
output application/json
---
(vars.updateRepoResponse default []) << (
	
	((vars.appDetails default {}) - "branch") 
	++ 
	(branch: payload.ref) if (payload.ref?)
    ++ 
    {"pull-url": vars.pullRequestUrl}
)]]></ee:set-variable>
				</ee:variables>
			</ee:transform>
		</foreach>
		<set-payload value="#[vars.updateRepoResponse]" doc:name="Set Payload" doc:id="3c594e5d-7e06-4237-8bad-9dbfec6b3a4a" />
		<os:retrieve doc:name="Retrieve Status" doc:id="00e331d7-0c76-4f80-85d3-909ea933dcb7" key="#[Mule::p('status-key') ++ vars.txId]" objectStore="tokenObjectStore" target="existingStatus">
			<os:default-value ><![CDATA[{}]]></os:default-value>
		</os:retrieve>
		<os:store doc:name="Store Status" doc:id="43d8d8f2-ebb7-401d-8984-f429b9947a6c" key="#[Mule::p('status-key') ++ vars.txId]" objectStore="tokenObjectStore">
			<os:value ><![CDATA[#[output json
var baseMessage = {
	status: "Completed",
	stage: "complete"
}
---
baseMessage ++ ((vars.existingStatus update {
	case data at .data! -> (data default {
	}) dw::core::Objects::mergeWith ({
		("commitStatus" ++ "-" ++ (payload.groupIndex default vars.groupIndex)): (payload default [] reduce(it,acc={
		})-> 
			
			acc ++ {
			(it.appName): {
				appStatus: it.appStatus,
				branch: vars.targetBranch,
				pullRequest: it."pull-url"
			}
		})
	})
}) - "status" - "stage" -"task")]]]></os:value>
		</os:store>
		<logger level="DEBUG" doc:name="Logger" doc:id="64125379-e025-4293-b15b-31dc1bdb0563" message="#[payload]" />
	</sub-flow>
	<sub-flow name="promote-app-subFlow" doc:id="8a3c57d7-ff21-422d-9c0f-b0eb4e27d072" >
		<logger level="INFO" doc:name="Logger" doc:id="c3bacc5a-0664-4f38-b9c6-3fcc879ed44b" message='#[output application/java --- "About to deploy $(payload.promoteInput.applicationInfo.domain) to $(vars.orgEnvData.target.envName)"]'/>
		<try doc:name="Try" doc:id="5dd15aef-c5ab-4559-92b9-115c7f023dcf" >
			<http:request method="POST" doc:name="Promote App" doc:id="29b693fc-a545-4c16-a202-8b30fb0502a3" config-ref="anypoint-http-config" path="#[&quot;/&quot;++ Mule::p('anypoint-platform.apps-path')]" target="createdResponse" responseTimeout="180000">
			<http:body><![CDATA[#[payload.promoteInput]]]></http:body>
			<http:headers><![CDATA[#[output application/java
---
{
	'X-ANYPNT-ENV-ID':vars.orgEnvData.target.envId,
	'X-ANYPNT-ORG-ID': vars.orgEnvData.target.orgId ,
	Authorization: vars.accessToken
}]]]></http:headers>
		</http:request>
			<error-handler >
				<on-error-continue enableNotifications="false" logException="true" doc:name="On Error Continue" doc:id="bbe929e4-deec-4114-a9d9-d60f60475ad1" type="HTTP:GATEWAY_TIMEOUT">
					<logger level="ERROR" doc:name="Logger" doc:id="1447a736-1632-46d5-bd8b-98e091072b48" message="Gateway Timeout , Application would have been uploaded to server , periodically check status #[error.errorMessage.payload]"/>
					<ee:transform doc:name="Transform Message" doc:id="caaa6735-ce81-4af0-b94d-3d5045750c4f" >
						<ee:message >
						</ee:message>
						<ee:variables >
							<ee:set-variable variableName="createdResponse" ><![CDATA[%dw 2.0
output application/json
---
using (createResponse= payload.promoteInput.applicationInfo)  {
	appName: createResponse.domain,
	status: "UNDEPLOYED",
	muleVersion: createResponse.muleVersion,
	staticIPsEnabled: createResponse.staticIPsEnabled,
	//properties: createResponse.properties filterObject ((value, key, index) -> not ("$key" contains "key")),
	statusObtained: false
} ++ (payload.repoInfo)
]]></ee:set-variable>
						</ee:variables>
					</ee:transform>
				</on-error-continue>
			</error-handler>
		</try>
		<ee:transform doc:name="Transform Message" doc:id="6017fa15-4285-4c52-89b7-1ba359325085" >
			<ee:message >
				<ee:set-payload ><![CDATA[%dw 2.0
output application/json
---
using (createResponse= vars.createdResponse)  {
	appName: createResponse.domain,
	status: createResponse.status,
	muleVersion: createResponse.muleVersion.version,
	staticIPsEnabled: createResponse.staticIPsEnabled,
	//properties: createResponse.properties filterObject ((value, key, index) -> not ("$key" contains "key")),
	statusObtained: false
} ++ (payload.repoInfo)
]]></ee:set-payload>
			</ee:message>
		</ee:transform>
		<logger level="INFO" doc:name="Log Exit" doc:id="a2b7c7f8-1d31-436d-b78d-f767cd726fdb" message='#[output application/java --- " Initiated promotion for app : $(payload.appName)"]'/>
	</sub-flow>
</mule>
