{
  "Design": [
    {
      "info": "User unauthorized to access requested resource"
    }
  ],
  "DEV": [
    {
      "Application Name": "oauthprovider-app-dev",
      "Status": "STARTED",
      "Version": "4.2.1",
      "Worker Type": "Small",
      "Worker Weight": 0.2,
      "NoOfWorkers": 2,
      "CPU": "0.2 vCores",
      "Last Updated": "2020-05-20T16:07:40-05:00",
      "Static IP": "NA"
    }
  ],
  "External": [
    {
      "info": "User unauthorized to access requested resource"
    }
  ],
  "PRD": [
    {
      "Application Name": "web-accept-prd",
      "Status": "STARTED",
      "Version": "4.2.2",
      "Worker Type": "Micro",
      "Worker Weight": 0.1,
      "NoOfWorkers": 1,
      "CPU": "0.1 vCores",
      "Last Updated": "2020-05-23T21:20:47-05:00",
      "Static IP": "NA"
    }
  ],
  "PROD": [
    {
      "Application Name": "oauthprovider-app",
      "Status": "STARTED",
      "Version": "4.1.4",
      "Worker Type": "Small",
      "Worker Weight": 0.2,
      "NoOfWorkers": 3,
      "CPU": "0.2 vCores",
      "Last Updated": "2020-05-23T20:50:43-05:00",
      "Static IP": "NA"
    }
  ],
  "Sandbox": [
    {
      "info": "User unauthorized to access requested resource"
    }
  ],
  "STAGE": [
    {
      "Application Name": "networkconnectivitytools-stage-app",
      "Status": "STARTED",
      "Version": "4.2.2",
      "Worker Type": "Small",
      "Worker Weight": 0.2,
      "NoOfWorkers": 1,
      "CPU": "0.2 vCores",
      "Last Updated": "2020-05-07T10:23:13-05:00",
      "Static IP": "NA"
    }
  ],
  "STG": [
    {
      "Application Name": "web-accept-stg",
      "Status": "STARTED",
      "Version": "4.2.2",
      "Worker Type": "Micro",
      "Worker Weight": 0.1,
      "NoOfWorkers": 1,
      "CPU": "0.1 vCores",
      "Last Updated": "2020-05-20T16:43:58-05:00",
      "Static IP": "NA"
    }
  ],
  "TEST": [
    {
      "Application Name": "authorizedparties-app-test",
      "Status": "STARTED",
      "Version": "4.2.2",
      "Worker Type": "Micro",
      "Worker Weight": 0.1,
      "NoOfWorkers": 1,
      "CPU": "0.1 vCores",
      "Last Updated": "2020-06-09T15:49:21-05:00",
      "Static IP": "NA"
    }
  ],
  "TEST2": [
    {
      "info": "User unauthorized to access requested resource"
    }
  ]
}
