{
  "status": "Completed",
  "stage": "complete",
  "data": {
    "configuration": {
      "loggingframework-app-stg": "No further configuration required",
      "testing-cicd-eas1-stg": "No further configuration required"
    },
    "promoted-1": [
      "loggingframework-app-stg",
      "testing-cicd-eas1-stg"
    ],
    "deploymentStatus-1": {
      "loggingframework-app-stg": "STARTED",
      "testing-cicd-eas1-stg": "STARTED"
    },
    "commitStatus-1": {
      "loggingframework-app-stg": {
        "appStatus": "STARTED",
        "branch": "sys-application-promotion",
        "pullRequest": "https://github.tfs.toyota.com/api/v3/repos/EAS-Channel-Access-Services/TFS-MuleAPIs-LoggingFramework/pulls/13"
      },
      "testing-cicd-eas1-stg": {
        "appStatus": "STARTED",
        "branch": "sys-application-promotion",
        "pullRequest": "https://github.tfs.toyota.com/api/v3/repos/EAS-Channel-Access-Services/TFS-MuleAPIs-TEST_CICD/pulls/7"
      }
    }
  }
}
