[
  {
    "Application Name": "authorizedparties-app-test",
    "Status": "STARTED",
    "Version": "4.2.2",
    "Worker Type": "Micro",
    "Worker Weight": 0.1,
    "NoOfWorkers": 1,
    "CPU": "0.1 vCores",
    "Last Updated": "2020-06-09T15:49:21-05:00",
    "Static IP": "NA",
    "AppNameInBuild": "authorizedparties-app",
    "RepoName": "TFS-MuleAPIs-AuthorizedParties",
    "RepoUrl": "https://github.tfs.toyota.com/api/v3/repos/EAS-Channel-Access-Services/TFS-MuleAPIs-AuthorizedParties",
    "Branch": "mullapm-EAS-575",
    "Permission": "admin"
  },
  {
    "Application Name": "authorizedparties-test",
    "Status": "STARTED",
    "Version": "4.2.2",
    "Worker Type": "Micro",
    "Worker Weight": 0.1,
    "NoOfWorkers": 1,
    "CPU": "0.1 vCores",
    "Last Updated": "2020-06-04T18:36:54-05:00",
    "Static IP": "NA",
    "AppNameInBuild": "authorizedparties",
    "RepoName": "TFS-MuleAPIs-authorizedparties-proxy",
    "RepoUrl": "https://github.tfs.toyota.com/api/v3/repos/EAS-Channel-Access-Services/TFS-MuleAPIs-authorizedparties-proxy",
    "Branch": "mullapm-EAS-575",
    "Permission": "write"
  },
  {
    "Application Name": "loggingframework-app-test",
    "Status": "STARTED",
    "Version": "4.2.2",
    "Worker Type": "Micro",
    "Worker Weight": 0.1,
    "NoOfWorkers": 1,
    "CPU": "0.1 vCores",
    "Last Updated": "2020-06-04T18:36:47-05:00",
    "Static IP": "NA",
    "AppNameInBuild": "loggingframework-app",
    "RepoName": "TFS-MuleAPIs-LoggingFramework",
    "RepoUrl": "https://github.tfs.toyota.com/api/v3/repos/EAS-Channel-Access-Services/TFS-MuleAPIs-LoggingFramework",
    "Branch": "release_1909_R1",
    "Permission": "write"
  },
  {
    "Application Name": "ipwhitelist-app-test",
    "Status": "STARTED",
    "Version": "4.2.2",
    "Worker Type": "Micro",
    "Worker Weight": 0.1,
    "NoOfWorkers": 1,
    "CPU": "0.1 vCores",
    "Last Updated": "2020-06-04T16:53:20-05:00",
    "Static IP": "NA",
    "Permission": "Not Applicable"
  }
]
