{
  "status": "Application promotion In Progress  ",
  "stage": "In Progress",
  "task": {
    "href": "/api/cloudhub/promotion/applications/5a548be0-ae6d-11ea-b790-0050b6923104",
    "id": "5a548be0-ae6d-11ea-b790-0050b6923104",
    "type": "GET"
  },
  "data": {
    "configuration": {
      "testing-cicd-eas1-stg": "No further configuration required"
    },
    "promoted-1": [
      "testing-cicd-eas1-stg"
    ],
    "deploymentStatus-1": {
      "testing-cicd-eas1-stg": "STARTED"
    }
  }
}
