[
  {
    "repoName": "TFS-MuleAPIs-CustomerLateFeeDemo",
    "repoUrl": "https://github.tfs.toyota.com/api/v3/repos/EAS-Channel-Access-Services/TFS-MuleAPIs-CustomerLateFeeDemo",
    "branchesOrderedByLastUpd": "branch_r1001 , master",
    "latestBranch": "branch_r1001",
    "repoPermission": "write",
    "appNameInBuild": "customer-late-fee-info-demo-proxy"
  },
  {
    "repoName": "TFS-MuleAPIs-RouteOneWEBServices",
    "repoUrl": "https://github.tfs.toyota.com/api/v3/repos/EAS-Channel-Access-Services/TFS-MuleAPIs-RouteOneWEBServices",
    "branchesOrderedByLastUpd": "gollapp1-easc-1432 , develop , master",
    "latestBranch": "gollapp1-easc-1432",
    "repoPermission": "write",
    "appNameInBuild": "RouteOneWEBServices"
  }
]
