{
  "status": "Completed",
  "data": {
    "includedApplications": [
      "authorizedparties-test"
    ],
    "deploymentProgress": {
      "SUCCESS": [
        "authorizedparties-test"
      ]
    },
    "deploymentStatus_1": {
      "authorizedparties-test": "SUCCESS"
    },
    "commiStatus-1": [
      {
        "appName": "authorizedparties-test",
        "deploymentStatus": "SUCCESS",
        "branch": "refs/heads/sys-version-update",
        "pull-url": "https://github.tfs.toyota.com/api/v3/repos/EAS-Channel-Access-Services/TFS-MuleAPIs-authorizedparties-proxy/pulls/11"
      }
    ]
  }
}
