<?xml version='1.0' encoding='UTF-8'?>
<types:mule xmlns:types="http://www.mulesoft.org/schema/mule/types">
  <types:catalog>
    <types:type name="APIRuntimesSheet" format="excel">
      <types:shape format="weave"><![CDATA[%dw 2.0

type APIRuntimesSheet = {|
  Sheet1?: Array<{|    Org: String,     Env: String,     "Deployed Name": String,     Status: String,     Version: String,     Type: String,     Size: String,     Count: String,     column_8: String,     "Last update": String,     "Static IP": String  |}>
|}

]]></types:shape>
    </types:type>
    <types:type name="outboundxml" format="xml">
      <types:example format="xml" element="{http://www.mulesoft.org/schema/mule/http}request-config" location="examples/outbound.xml"/>
    </types:type>
    <types:type name="repsonse" format="json">
      <types:shape format="weave" example="examples/design-info.json"><![CDATA[%dw 2.0

type repsonse = {|
  sampleData: {|
    "39ee1afc-4980-4bdc-a6dd-8de9dcd3700b": {| payload: String |}, 
    "ac838cd5-fc2f-4e89-9e71-bf3a2828dda9": {| payload: String |}, 
    "15f1eb92-7fbd-4bcf-bb13-c7fa12321cbe": {| payload: String |}, 
    "c51cb4a2-bdc6-4fe2-8643-1a71f7b7d4e7": {| payload: String |}, 
    "32ae2eec-dc1d-40eb-9554-3cfdd130fbe7": {| payload: String |}, 
    "e71bb262-1cb7-41ce-a12f-97b5d01d7ab5": {| payload: String |}, 
    "1e673c81-e7b8-47ef-b2fa-c496bd245e3b": {| payload: String |}
  |}
|} {"example": "{\\\"sampleData\\\":{\\\"39ee1afc-4980-4bdc-a6dd-8de9dcd3700b\\\":{\\\"payload\\\":\\\"sample_data\\/unknown.dwl\\\"},\\\"ac838cd5-fc2f-4e89-9e71-bf3a2828dda9\\\":{\\\"payload\\\":\\\"sample_data\\/unknown_1.dwl\\\"},\\\"15f1eb92-7fbd-4bcf-bb13-c7fa12321cbe\\\":{\\\"payload\\\":\\\"sample_data\\/unknown_2.dwl\\\"},\\\"c51cb4a2-bdc6-4fe2-8643-1a71f7b7d4e7\\\":{\\\"payload\\\":\\\"sample_data\\/unknown_3.dwl\\\"},\\\"32ae2eec-dc1d-40eb-9554-3cfdd130fbe7\\\":{\\\"payload\\\":\\\"sample_data\\/unknown_4.dwl\\\"},\\\"e71bb262-1cb7-41ce-a12f-97b5d01d7ab5\\\":{\\\"payload\\\":\\\"sample_data\\/unknown_5.dwl\\\"},\\\"1e673c81-e7b8-47ef-b2fa-c496bd245e3b\\\":{\\\"payload\\\":\\\"sample_data\\/unknown_6.dwl\\\"}}}"}

]]></types:shape>
    </types:type>
  </types:catalog>
  <types:enrichment select="#b8060ec7-dedc-4157-9a26-77c99a0c09b1"/>
  <types:enrichment select="#c51cb4a2-bdc6-4fe2-8643-1a71f7b7d4e7"/>
  <types:enrichment select="#0796102c-2c1e-405d-aecf-eecc4a9b2be5"/>
  <types:enrichment select="#32ae2eec-dc1d-40eb-9554-3cfdd130fbe7"/>
  <types:enrichment select="#6aad7e91-99bb-46ae-9f96-0128edd58734"/>
  <types:enrichment select="#00773194-20b8-406b-8b82-bf11edafb061"/>
  <types:enrichment select="#74ec826d-96b8-4af6-b118-0e3451f76517"/>
  <types:enrichment select="#ff8fd898-d935-4a40-bd86-031ea83520d1"/>
  <types:enrichment select="#9e1d3775-8c6a-4f85-8fc4-df59860e48e4"/>
  <types:enrichment select="#2c6accae-b082-48ae-be67-06a9dd67d070"/>
  <types:enrichment select="#3d30639c-9ba7-4666-bc39-d7bad8e7e502"/>
  <types:enrichment select="#9bfc8180-2e23-4bfa-816e-01929f4f6c0f"/>
  <types:enrichment select="#74a1c6d7-c155-41e9-8f15-1fb78cb2c712"/>
  <types:enrichment select="#22da2aca-12f5-4e80-8d65-64fe43235b98"/>
  <types:enrichment select="#22b09f77-4989-4bd9-901f-faa0f5cb5431"/>
  <types:enrichment select="#c4d6564a-6c0f-4ad9-a4fb-75337d7c8819"/>
  <types:enrichment select="#61b395d4-fb73-4f3f-8f2e-a6d60b72fcc9"/>
  <types:enrichment select="#139984c3-64a7-4bd4-ab6b-3cbb9155bd29"/>
  <types:enrichment select="#543bcd2f-e689-4d7a-b94f-1b4f1a4ce9e2"/>
  <types:enrichment select="#7ffc4d4a-88c7-4cdc-b6d4-96067dd12361"/>
  <types:enrichment select="#4012b761-6043-4e3f-9f55-c4ead99d8b1f"/>
  <types:enrichment select="#ff3fc167-b341-496b-bb44-a1a8236f23d2"/>
  <types:enrichment select="#cbcb7824-bc02-4575-bfe9-561f19d4737e"/>
  <types:enrichment select="#5044439c-9623-4220-8d51-bc2a500e3686"/>
  <types:enrichment select="#cac30a25-452d-4534-af0b-f814c0f75b08"/>
  <types:enrichment select="#ca63701f-0fd2-4300-9c07-f964e544d53b"/>
  <types:enrichment select="#c5e0fc95-0c54-460d-bb20-35c4a4ffa667"/>
  <types:enrichment select="#846fd5fd-7a65-444d-ab59-47ef127304cb"/>
  <types:enrichment select="#6893fbc4-3ce1-4ab7-9599-2498f7b54530"/>
  <types:enrichment select="#2f657d82-4e47-4ac5-abba-6ef788d154f0"/>
  <types:enrichment select="#caaa6735-ce81-4af0-b94d-3d5045750c4f"/>
  <types:enrichment select="#8ea2be6a-785f-4714-9af9-d3fdf8c04972">
    <types:processor-declaration>
      <types:input-event>
        <types:message>
          <types:payload type="outboundxml"/>
        </types:message>
      </types:input-event>
      <types:output-event>
        <types:message>
          <types:payload type="repsonse"/>
        </types:message>
      </types:output-event>
    </types:processor-declaration>
  </types:enrichment>
</types:mule>