<?xml version="1.0" encoding="UTF-8"?>
<mule xmlns="http://www.mulesoft.org/schema/mule/core" xmlns:apikit="http://www.mulesoft.org/schema/mule/mule-apikit" xmlns:doc="http://www.mulesoft.org/schema/mule/documentation" xmlns:ee="http://www.mulesoft.org/schema/mule/ee/core" xmlns:http="http://www.mulesoft.org/schema/mule/http" xmlns:os="http://www.mulesoft.org/schema/mule/os" xmlns:websocket="http://www.mulesoft.org/schema/mule/websocket" xmlns:xsi="http://www.w3.org/2001/XMLSchema-instance" xsi:schemaLocation="http://www.mulesoft.org/schema/mule/core http://www.mulesoft.org/schema/mule/core/current/mule.xsd http://www.mulesoft.org/schema/mule/http http://www.mulesoft.org/schema/mule/http/current/mule-http.xsd http://www.mulesoft.org/schema/mule/mule-apikit http://www.mulesoft.org/schema/mule/mule-apikit/current/mule-apikit.xsd  http://www.mulesoft.org/schema/mule/websocket http://www.mulesoft.org/schema/mule/websocket/current/mule-websocket.xsd http://www.mulesoft.org/schema/mule/ee/core http://www.mulesoft.org/schema/mule/ee/core/current/mule-ee.xsd http://www.mulesoft.org/schema/mule/os http://www.mulesoft.org/schema/mule/os/current/mule-os.xsd">
    <apikit:config name="api-config" api="api.raml" outboundHeadersMapName="outboundHeaders" httpStatusVarName="httpStatus" queryParamsStrictValidation="true" />
    <import doc:name="Import" doc:id="7e3814c1-98ff-421e-9781-457639938b66" file="error.xml" />
    <flow name="api-main">
        <http:listener path="/api/*" config-ref="HTTP_Listener_config">
            <http:response statusCode="#[vars.httpStatus default 200]">
                <http:headers><![CDATA[#[vars.outboundHeaders default {}]]]></http:headers>
            </http:response>
            <http:error-response statusCode="#[vars.httpStatus default 500]">
                <http:body><![CDATA[#[payload]]]></http:body>
                <http:headers><![CDATA[#[vars.outboundHeaders default {}]]]></http:headers>
            </http:error-response>
        </http:listener>
        <set-variable value="#[attributes.headers.authorization]" doc:name="Set Auth" doc:id="3466e7eb-403e-4d43-8712-90138f0adebc" variableName="authData" />
        <set-variable value="#[attributes.headers.accept]" doc:name="Set Variable" doc:id="c5034cce-dfc3-4b94-b525-ea810d4b903e" variableName="acceptHeader" />
        <apikit:router config-ref="api-config" />
        <!-- <error-handler ref="errorError_Handler" /> -->
    </flow>
    <flow name="get:\cloudhub\applications-status:api-config">
        <logger level="INFO" message="get:\cloudhub\applications-status:application\json:api-config" />
        <set-variable value="#[output application/json --- {  businessGroupname: attributes.queryParams.businessGroupname}]" doc:name="Set userInput" doc:id="a4ed2129-c7a8-4e92-a6d6-963aba1606c8" variableName="userInput" />
        <flow-ref doc:name="get-applications-status_subFlow" doc:id="ef13cdcb-7363-41d0-8193-7a12e39e32f6" name="get-applications-status_subFlow" />
    </flow>
    <flow name="get:\cloudhub\applications:api-config">
        <ee:transform doc:name="Transform Message" doc:id="0ed08a47-9ca2-41bc-b83b-379cf91255c2">
            <ee:message>
                <ee:set-payload><![CDATA[%dw 2.0
output application/json
---
{
	gitUser : attributes.queryParams.gitUser,
	environment: attributes.queryParams.environment,
	bussinessGroupname: attributes.queryParams.businessGroupname
}]]></ee:set-payload>
            </ee:message>
        </ee:transform>
        <set-variable value="#[output application/json ---   {  environment: attributes.queryParams.environment,       businessGroupname: attributes.queryParams.businessGroupname,       gitToken: attributes.headers.gitToken,       gitUser: attributes.queryParams.gitUser,     muleVersion: attributes.queryParams.muleVersion,    requestFor: attributes.queryParams.requestFor }]" doc:name="Set userInput" doc:id="5ee066a1-d869-431c-b964-fe350f857fb5" variableName="userInput" />
        <logger level="INFO" message="#[attributes.queryParams]" />
        <flow-ref doc:name="get-applications-metadata-subFlow" doc:id="f22aa164-0401-4f13-ad52-08b250de06c4" name="get-applications-metadata-subFlow" />
        <choice doc:name="Choice" doc:id="625d95c9-66e5-464a-bdcd-c82027145d52">
            <when expression="#[(vars.userInput.requestFor ~= 'version-upgrade') and (not payload.message?)]">
                <ee:transform doc:name="Transform Message" doc:id="845da799-3f69-4c16-abb5-b6f53fa62d06">
                    <ee:message>
                        <ee:set-payload><![CDATA[%dw 2.0
output application/json

var versionFilter = vars.userInput.muleVersion default ""
var operator = dw::core::Strings::substringBeforeLast(versionFilter,"~") ++ "~"
var val = dw::core::Strings::substringAfterLast(versionFilter,"~") 
var minorRelease = dw::core::Strings::substringBeforeLast(val,".") 
var allowedPermissions = ["write","push","admin"]
---
do {
	
var eligibleApps = 	payload[?($.RepoName? and (allowedPermissions contains $.Permission))]
var finalPayload = using ( fPayload = payload ) {
	eligibleApplications: eligibleApps."Application Name" orderBy $,
	excludedApplications: fPayload[?((not $.RepoName?) or (not (allowedPermissions contains $.Permission)))] default [] map((excludeApp,index) -> {
		"Application Name": excludeApp."Application Name",
		"Reason": if ( not excludeApp.RepoName? ) "Repository details not available" else if ( not (allowedPermissions contains excludeApp.Permission) ) "Does not have push permission" else "unknown"
	})
}

var result = using (lowerVersionApps = eligibleApps[?($.Version < minorRelease)])
(
	finalPayload
	 ++ ( 
	
		warning : {
		     message: "Following applications may not be fully compatible with upgrade to $(val)",
		     applications: (lowerVersionApps default [] map((item,index) -> {
		     	(item."Application Name") : item.Version
		     }) default [] reduce((it,acc={}) -> acc ++ it))
		}
		
		
		)  if( not isEmpty(lowerVersionApps))
		
		)
---
result
		
		}]]></ee:set-payload>
                    </ee:message>
                </ee:transform>
            </when>
        </choice>
    </flow>
    <flow name="put:\cloudhub\applications:application\json:api-config">
        <logger level="INFO" message="put:\cloudhub\applications:application\json:api-config" />
        <set-variable value="#[output application/json --- payload ++ {gitToken: attributes.headers.gitToken}]" doc:name="Set origPayload" doc:id="a4d7d630-07ef-40b8-8318-a56f5fbe43b9" variableName="userInput" />
        <flow-ref doc:name="ch-version-updateFlow" doc:id="ef0fe220-3352-4c89-8887-c99725175dae" name="ch-version-updateFlow" />
    </flow>
    <flow name="get:\cloudhub\applications\(process-id):api-config">
        <ee:transform>
            <ee:variables>
                <ee:set-variable variableName="process-id"><![CDATA[attributes.uriParams.'process-id']]></ee:set-variable>
            </ee:variables>
        </ee:transform>
        <os:retrieve doc:name="Retrieve" doc:id="4fc60f72-9f5f-4637-bb1a-6adb3e45b3c4" key="#[Mule::p('status-key') ++ vars.&quot;process-id&quot;]" objectStore="tokenObjectStore" />
        <ee:transform doc:name="Transform Message" doc:id="74ec826d-96b8-4af6-b118-0e3451f76517">
            <ee:message />
            <ee:variables>
                <ee:set-variable variableName="httpStatus"><![CDATA[%dw 2.0
output application/java
---
if (payload.error?) 500 else 200]]></ee:set-variable>
            </ee:variables>
        </ee:transform>
        <logger level="INFO" message="get:\cloudhub\applications\(application-id):api-config" />
    </flow>
    <flow name="get:\repositories:api-config">
        <logger level="INFO" message="get:\repositories:api-config" />
        <set-variable value="#[output application/json ---  {    gitToken: attributes.headers.gitToken,   gitUser: attributes.queryParams.gitUser  }]" doc:name="Set userInput" doc:id="9685456d-3892-4a58-b653-e4a9c8d65774" variableName="userInput" />
        <flow-ref doc:name="find-repos-subFlow" doc:id="07a55e79-db7c-4e50-9185-48bbec881726" name="find-repos-subFlow" />
        <choice doc:name="Choice" doc:id="f9ac89af-1296-45e9-9cd3-a4144444d697">
            <when expression="#[vars.acceptHeader ~= &quot;application/yaml&quot;]">
                <ee:transform doc:name="Transform Message" doc:id="0cd46103-857c-4bb8-9e4d-e7eaa4f6e7d0">
                    <ee:message>
                        <ee:set-payload><![CDATA[%dw 2.0
output application/yaml

---
payload groupBy ((item, index) -> item.appNameInBuild ) mapObject ((value, key, index) -> {

    (lower(key)):using (info = value[0]) {

        AppNameInBuild: info.appNameInBuild,
        RepoName: info.repoName,
        RepoUrl: info.repoUrl,
        Branch: info.latestBranch
    }
} )]]></ee:set-payload>
                    </ee:message>
                </ee:transform>
            </when>
        </choice>
    </flow>
    <flow name="get:\cloudhub\promotion\applications:api-config">
        <logger level="INFO" message="#[&quot;Entry - &quot;] get:\cloudhub\promotion\applications:api-config" doc:name="Log Entry" />
        <set-variable value="#[output application/json --- {  source: {   env: attributes.queryParams.sourceEnvironment,   businessGroupname: attributes.queryParams.sourceBusinessGroupName  },  target: {   env: attributes.queryParams.targetEnvironment,   businessGroupname: attributes.queryParams.targetBusinessGroupName  } }]" doc:name="Set userInput" doc:id="57801c52-a1f7-4dc8-ba07-1b43f96f8bce" variableName="userInput" />
        <flow-ref doc:name="get-eligibleApps-promotion-subFlow" doc:id="19a481c0-440a-4655-b044-34387a09cf7e" name="get-eligibleApps-promotion-subFlow" />
    </flow>
    <flow name="post:\cloudhub\promotion\applications:application\json:api-config">
        <logger level="INFO" message="post:\cloudhub\promotion\applications:application\json:api-config" />
        <set-variable value="#[output application/json ---  payload ++ { gitToken: attributes.headers.gitToken}]" doc:name="Set userInput" doc:id="6668e561-da82-48e9-a32a-eaa91e4b33ff" variableName="userInput" />
        <flow-ref doc:name="ch-promote-apps-subFlow" doc:id="6ba790f8-029e-41c1-9ecf-a0be49379c44" name="ch-promote-apps-subFlow" />
    </flow>
    <flow name="get:\cloudhub\promotion\applications\(task-id):api-config">
        <logger level="INFO" message="get:\cloudhub\promotion\applications\(task-id):api-config" />
        <ee:transform>
            <ee:variables>
                <ee:set-variable variableName="task-id">attributes.uriParams.'task-id'</ee:set-variable>
            </ee:variables>
        </ee:transform>
        <os:retrieve doc:name="Retrieve" doc:id="fa631887-315a-4cf0-b544-be283b5a9e80" key="#[Mule::p('status-key') ++ vars.&quot;task-id&quot;]" objectStore="tokenObjectStore">
            <os:default-value><![CDATA[{}]]></os:default-value>
        </os:retrieve>
        <ee:transform doc:name="Transform Message" doc:id="d72786d8-8942-4cde-b1e1-06b940fc8c3a">
            <ee:message />
            <ee:variables>
                <ee:set-variable variableName="httpStatus"><![CDATA[%dw 2.0
output application/java
---
if (payload.error?) 500 else 200]]></ee:set-variable>
            </ee:variables>
        </ee:transform>
    </flow>
</mule>
