<?xml version="1.0" encoding="UTF-8"?>

<mule xmlns:vm="http://www.mulesoft.org/schema/mule/vm" xmlns:os="http://www.mulesoft.org/schema/mule/os"
	xmlns:ee="http://www.mulesoft.org/schema/mule/ee/core"
	xmlns="http://www.mulesoft.org/schema/mule/core" xmlns:doc="http://www.mulesoft.org/schema/mule/documentation" xmlns:xsi="http://www.w3.org/2001/XMLSchema-instance" xsi:schemaLocation="http://www.mulesoft.org/schema/mule/core http://www.mulesoft.org/schema/mule/core/current/mule.xsd
http://www.mulesoft.org/schema/mule/ee/core http://www.mulesoft.org/schema/mule/ee/core/current/mule-ee.xsd
http://www.mulesoft.org/schema/mule/os http://www.mulesoft.org/schema/mule/os/current/mule-os.xsd
http://www.mulesoft.org/schema/mule/vm http://www.mulesoft.org/schema/mule/vm/current/mule-vm.xsd">
	<sub-flow name="orchestrate-platform-promotion-subFlow" doc:id="cb076770-fca0-4d61-ab14-e89184a19375" >
		<logger level="INFO" doc:name="Logger" doc:id="998da7d4-216e-407c-b587-9271b1878bac" message='#[" Login to anypoint platform "]' />
		<ee:transform doc:name="SetEnvVariables" doc:id="2c6accae-b082-48ae-be67-06a9dd67d070">
			<ee:message>
			</ee:message>
			<ee:variables>
				<ee:set-variable variableName="sourceEnv"><![CDATA[%dw 2.0
output application/java
---
vars.userInput.source.env]]></ee:set-variable>
				<ee:set-variable variableName="targetEnv"><![CDATA[%dw 2.0
output application/java
---
vars.userInput.target.env]]></ee:set-variable>
				<ee:set-variable variableName="sourceOrg"><![CDATA[%dw 2.0
output application/java
---
vars.userInput.source.businessGroupname]]></ee:set-variable>
				<ee:set-variable variableName="targetOrg"><![CDATA[%dw 2.0
output application/java
---
vars.userInput.target.businessGroupname]]></ee:set-variable>
			</ee:variables>
		</ee:transform>
		<flow-ref doc:name="login-subFlow" doc:id="e725219a-8267-45c9-937c-fafb2035760e" name="login-subFlow" target="accessToken" targetValue="#[&quot;Bearer&quot; ++ &quot; &quot; ++ payload.'access_token']" />
		<flow-ref doc:name="get-orgs-subFlow" doc:id="8721c753-53e7-48d8-981f-68364397beab" name="get-orgs-subFlow" targetValue="#[payload.id]" />
		<logger level="DEBUG" doc:name="Logger" doc:id="d17ae16b-08d6-4546-ae25-5519dab86a2c" message="#[payload]" />
		<ee:transform doc:name="Get Orgs" doc:id="074ccd44-9c8d-4ea6-a2fe-4825d363c728">
			<ee:message>
			</ee:message>
			<ee:variables>
				<ee:set-variable variableName="orgs"><![CDATA[%dw 2.0
output application/json

var sourceOrg = vars.sourceOrg
var targetOrg = vars.targetOrg

---
payload.user.memberOfOrganizations reduce ((org, accumulator = {}) -> accumulator ++ ({

    (source:{
        name: org.name,
        id: org.id

    }) if (org.name ~= sourceOrg)
   ,
    (target:{
        name: org.name,
        id: org.id
    }) if(org.name ~= targetOrg)
}
) )]]></ee:set-variable>
			</ee:variables>
		</ee:transform>
		<choice doc:name="Choice" doc:id="48b70b5d-372e-41c9-a2e1-27a10c1107df">
			<when expression="#[isEmpty(vars.orgs)]">
				<logger level="INFO" doc:name="Log Error" doc:id="46cbec97-49c7-406f-9d1d-29bdf4a35c8f" message='#["Invalid values supplied for both source &amp; target organisations"]' />
				<raise-error doc:name="Raise error APP:ORG-NAME-INVALID" doc:id="9195d6eb-90e9-4efc-8108-0b13ba93535b" type="APP:ORG-NAME-INVALID" description='#[" Invalid organisation values supplied for sourceOrg: $(vars.sourceOrg)  and targetOrg : $(vars.targetOrg)"]' />
			</when>
			<when expression="sizeOf(vars.orgs) == 1">
				<logger level="INFO" doc:name="Log Error" doc:id="3c436a13-48c5-4589-b8da-f05078568e3a" message='#["One of provided values for organisation is incorrect"]' />
				<raise-error doc:name="Raise error APP:ORG-NAME-INVALID" doc:id="2177589b-8c94-4b64-adba-fb26d97be675" type="APP:ORG-NAME-INVALID" description="#[&quot;  $(if (vars.orgs.source?)  'targetOrg value  ' ++  vars.targetOrg ++ '  is incorrect'  else  'sourceOrg value   ' ++  vars.sourceOrg ++ '  is incorrect')&quot;]" />
			</when>
			<otherwise>
				<logger level="INFO" doc:name="Log Orgs determined" doc:id="ef4e5618-fa24-4907-b44a-65f62a8f3127" message='#["Both source and target organizations obtained "]' />
			</otherwise>
		</choice>
		<foreach doc:name="For Each org" doc:id="76291b5e-8e42-4183-a57a-959b93ed5f0b" collection="#[output application/json --- vars.orgs pluck ((value, key, index) -&gt; value ++ ('type': (key)))]">
			<logger level="INFO" doc:name="Logger" doc:id="dc51df16-91b4-434f-9e66-f30dbb06129c" message="#[&quot;Get environment details for $(payload.'type') organisation : $(payload.name)&quot;]" />
			<set-variable value="#[payload.id]" doc:name="Set OrgId" doc:id="5bbd7f52-2c2d-4dd7-8020-59e7fe60bf47" variableName="orgId" />
			<set-variable value='#[payload."type"]' doc:name="Set orgType" doc:id="afc425fc-f5b4-4b55-b8b9-606afcdaade9" variableName="orgType" />
			<flow-ref doc:name="get-envs-subFlow" doc:id="a4632ee5-6b71-45f0-859e-3dd840a2ac1e" name="get-envs-subFlow" target="envs" targetValue="#[payload.data]" />
			<ee:transform doc:name="Get_Environments" doc:id="0f7b9561-fccb-4ba9-91aa-bd53ad65180f">
			<ee:message>
			</ee:message>
			<ee:variables>
					<ee:set-variable variableName="orgEnvData"><![CDATA[%dw 2.0
output application/json

var sourceEnv = vars.sourceEnv
var targetEnv = vars.targetEnv

var envs = vars.envs

fun getEnvNameByType(orgType :String) = orgType match {

    case "source" -> sourceEnv
    else -> targetEnv
}
---

(vars.orgEnvData default [] ) << (payload ++ {
	env: ((vars.envs[?($.name ~= getEnvNameByType(vars.orgType))][0]) default {})
})]]></ee:set-variable>
			</ee:variables>
		</ee:transform>
		</foreach>
		<ee:transform doc:name="Transform Message" doc:id="5bfc955a-8da5-494d-bbc0-90326c5c5f71">
			<ee:message>
				<ee:set-payload><![CDATA[%dw 2.0
output application/json
---
vars.orgEnvData]]></ee:set-payload>
			</ee:message>
		</ee:transform>
		<choice doc:name="Choice" doc:id="146e0484-ae08-4909-bac1-77ca58651457">
			<when expression='#[sizeOf(payload[?(isEmpty($.env))]."type" default {}) == 2]'>
				<logger level="ERROR" doc:name="Log Error" doc:id="0237b647-563d-41c2-a089-d3a3a33df0e3" message='#["provided environment value for both source and target are incorrect"]' />
				<raise-error doc:name="Raise error APP:ENV-NAME-INVALID" doc:id="abd66019-b7f8-449a-92d6-62bf287554f0" type="APP:ENV-NAME-INVALID" description='#["provided environment values for both source and target are incorrect"]' />
			</when>
			<when expression="#[not isEmpty(payload[?(isEmpty($.env))][0])]">
				<logger level="INFO" doc:name="Log Error" doc:id="94d1376b-3083-4c9b-8ca0-15ec99fb0c28" message='#["One of the provided environment value is incorrect"]' />
				<raise-error doc:name="Raise error APP:ENV-NAME-INVALID" doc:id="928551d8-c498-4d3e-8d44-77b91d59ead5" type="APP:ENV-NAME-INVALID" description="#[  payload[?(isEmpty($.env))][0].&quot;type&quot; ++ '  environment value provided is incorrect']" />
			</when>
			<otherwise>
				<logger level="DEBUG" doc:name="Logger" doc:id="1dc29371-9cd3-4b47-ba3d-658d27c17030" message="#[payload]" />
				<ee:transform doc:name="Transform Message" doc:id="9bfc8180-2e23-4bfa-816e-01929f4f6c0f">
					<ee:message>
						<ee:set-payload ><![CDATA[%dw 2.0
output application/json
---
payload groupBy ((item, index) -> item.'type' ) mapObject ((value, key, index) -> {

    (key):{
        orgName: value[0].name,
        envName: value[0].env.name,
        orgId: value[0].id,
        envId: value[0].env.id
    }
} )]]></ee:set-payload>
					</ee:message>
					<ee:variables>
					</ee:variables>
				</ee:transform>
			</otherwise>
		</choice>
	</sub-flow>
	<sub-flow name="ch-promote-apps-subFlow" doc:id="23fd6b79-291f-4f06-801e-cc5c44d2b2b0" >
		<logger level="INFO" doc:name="Logger" doc:id="f2952526-d352-41fd-9899-2f66744259a8" message='#["Entry - " ++ flow.name]'/>
		<set-variable value="#[correlationId]" doc:name="Set txId" doc:id="c49db0ad-686d-4b6e-900a-875f53396176" variableName="txId"/>
		<flow-ref doc:name="orchestrate-platform-promotion-subFlow" doc:id="c9f3469a-da48-461a-abc1-8af5874c630e" name="orchestrate-platform-promotion-subFlow" />
		<os:store doc:name="Store gitToken" doc:id="157243b9-c56d-4855-84ed-b932b11c3e76" key="gitToken" objectStore="tokenObjectStore">
			<os:value ><![CDATA[#[vars.userInput.gitToken]]]></os:value>
		</os:store>
		<os:store doc:name="Store  OrgEnvData" doc:id="fc362a66-da1c-47ee-9ec3-599cb15d3140" key="#[Mule::p('org-env-key') ++ vars.txId]" objectStore="tokenObjectStore"/>
		<flow-ref doc:name="get-applications-promotion-subFlow" doc:id="c7e54e9c-5107-4a55-9542-f1e0af3a41cf" name="get-applications-promotion-subFlow" />
		<ee:transform doc:name="Transform Message" doc:id="c59a9a6f-37b4-4e21-bd2c-70b97557de72" >
			<ee:message >
				<ee:set-payload ><![CDATA[%dw 2.0
output application/json
var allApps = vars.allApps
import dwl::common::helper as Helper

var excludeKeys = ["versionId","fullDomain","lastUpdateTime","fileName","previousMuleVersion","deploymentGroup"]
 var bothApps = allApps reduce((item,acc = {}) -> acc ++ item) 
 var appsRepo = readUrl("classpath://app-repo-properties.yaml","application/yaml")
 var includedApps = vars.userInput.applications
 
 fun getEligibleApps () = if (not isEmpty(includedApps)) bothApps."source"[?(includedApps contains $.domain )] default [] else payload.eligibleApps map((appName,index) ->
 	
 	bothApps."source"[?($.domain ~= appName)][0]
 ) default []
 
 fun repoInfo (appName : String) = using (buildName =  Helper::getBuildName(appName,vars.sourceEnv) default "") appsRepo."$buildName"
---
getEligibleApps() as Array map((qApp , index) -> {
	
	repoInfo: repoInfo(qApp.domain),
	appInfo: qApp filterObject((v,key)  ->  not (excludeKeys contains "$key"))
})]]></ee:set-payload>
			</ee:message>
		</ee:transform>
		<choice doc:name="Apps Exist?" doc:id="8debfaac-c466-403f-a428-44264b79d95c" >
			<when expression="#[not isEmpty(payload)]">
				<logger level="INFO" doc:name="Logger" doc:id="2c4cbe62-f4c1-4b07-bc77-80bc7381ac47" message='#["Apps available for promotion"]'/>
				<flow-ref doc:name="manage-app-promotion-subFlow" doc:id="128bc385-a6cb-42fa-8af5-322600f8eeab" name="manage-app-promotion-subFlow"/>
				<os:store doc:name="Store Status" doc:id="cc6ee914-e23f-40fc-954a-b00a081bc1d3" key="#[Mule::p('status-key') ++ vars.txId]" objectStore="tokenObjectStore"/>
			</when>
			<otherwise >
				<set-payload value='#[output application/json --- { "message": "No applications eligible to be promoted from  $(vars.sourceEnv)  to $(vars.targetEnv) "}]' doc:name="Set Payload" doc:id="8909b279-2cb0-4fc2-b8f2-03c8ff76631f" />
				<set-variable value="200" doc:name="Set Variable" doc:id="e1739425-08ff-4739-ac06-fd6f6e711c40" variableName="httpStatus"/>
			</otherwise>
		</choice>
		<logger level="INFO" doc:name="Logger" doc:id="723ac0f3-99b0-40c5-ae01-09bfb69d0925" message='#["Exit - " ++ flow.name]'/>
	</sub-flow>
	<sub-flow name="get-eligibleApps-promotion-subFlow" doc:id="4162076f-bd7f-4721-ac21-00e46a867df5" >
		<logger level="INFO" doc:name="Logger" doc:id="ee338e37-8a42-4a77-b7b5-71b7f7dc6d3d" message='#["Entry " ++ flow.name]'/>
		<flow-ref doc:name="orchestrate-platform-promotion-subFlow" doc:id="5cf6f51e-1295-4e97-908f-1ddc681040fa" name="orchestrate-platform-promotion-subFlow"/>
		<flow-ref doc:name="get-applications-promotion-subFlow" doc:id="6dc49ba7-ae5a-452e-b4f5-a7c3c8bc5b86" name="get-applications-promotion-subFlow"/>
		<logger level="INFO" doc:name="Logger" doc:id="b4e3367d-f20f-4488-a119-b69de01b2fa3" message='#["Exit " ++ flow.name]'/>
	</sub-flow>
	<sub-flow name="get-applications-promotion-subFlow" doc:id="4f126665-85b8-4fde-a5b0-acd3c0a02cb5" >
		<logger level="INFO" doc:name="Log Entry" doc:id="0343b58a-5d9c-487f-81fa-bed1e43c37a5" message='#["Entry " ++ flow.name]' />
		<parallel-foreach collection="#[payload pluck ((value, key, index) -> value ++ {'type': '$key'} )]" maxConcurrency="2" targetValue="#[payload.payload]" target="allApps" >
		<set-variable variableName="envId" value="#[payload.envId]" />
		<set-variable value="#[payload.'type']" variableName="envOrigin" />
		<flow-ref doc:name="get-applications-subFlow" doc:id="7e495d81-c296-493c-8552-1672a475fb37" name="get-applications-subFlow" />
		<ee:transform doc:name="Transform Message" doc:id="d4b7e810-1f12-494f-bd85-1428219ae68b" >
			<ee:message >
				<ee:set-payload ><![CDATA[%dw 2.0
output application/json
---
(vars.envOrigin):payload[?($.status ~= 'STARTED')]]]></ee:set-payload>
			</ee:message>
		</ee:transform>
		</parallel-foreach>
		<logger level="DEBUG" doc:name="Logger" doc:id="83142908-6684-48c2-91d3-a9fc4218fe72" message="#[payload]"/>
		<ee:transform doc:name="Transform Message" doc:id="fe30f859-9a55-4bb2-9628-4a39f3361b1e" >
			<ee:message >
				<ee:set-payload ><![CDATA[%dw 2.0
output application/json
var sourceEnvPrefix = lower(payload.source.envName)
var targetEnvPrefix = lower(payload.target.envName)



var appRepo = readUrl("classpath://app-repo-properties.yaml","application/yaml")
fun getPattern(env) = if (env != "prod") "^(\S*)\-" ++ "$env" else "^(\S*)"
var allApps = vars.allApps

 var bothApps = allApps reduce((item,acc = {}) -> acc ++ item) 
 
 var getNames= (origin : String , env , name) ->  (bothApps."$origin".domain[?($ matches getPattern(env))] map((appName,index) -> 
(

    (name match {

        case "appName" -> appName
        case "baseName" -> (flatten (appName scan getPattern(env)))[1]
    })
    
)))
---
using (appsDifference = (getNames("source",sourceEnvPrefix,"baseName") default [] -- getNames("target",targetEnvPrefix,"baseName") default [])){
	
	eligibleApps :appsDifference[?(appRepo."$"?)] map((baseName,index) -> baseName ++ "-" ++ "$sourceEnvPrefix"),
	excludedApps: appsDifference[?(not (appRepo."$"?))] map((baseName,index) -> baseName ++ "-" ++ "$sourceEnvPrefix"),
	 
	availableSourceApps: getNames("source",sourceEnvPrefix,"appName"),
	availableTargetApps: getNames("target",targetEnvPrefix,"appName")
	
	
}]]></ee:set-payload>
			</ee:message>
			<ee:variables >
				<ee:set-variable variableName="sourceEnvId" ><![CDATA[%dw 2.0
output application/java
---
payload.source.envId]]></ee:set-variable>
				<ee:set-variable variableName="targetEnvId" ><![CDATA[%dw 2.0
output application/java
---
payload.target.envId]]></ee:set-variable>
			</ee:variables>
		</ee:transform>
		<logger level="INFO" doc:name="Logger" doc:id="66fd4968-4288-4709-a665-d6a25a1d5d7f" message='#["exit " ++ flow.name]'/>
	</sub-flow>
</mule>
