<?xml version="1.0" encoding="UTF-8"?>

<mule
	xmlns:scripting="http://www.mulesoft.org/schema/mule/scripting"
	xmlns:db="http://www.mulesoft.org/schema/mule/db"
	xmlns:os="http://www.mulesoft.org/schema/mule/os"
	xmlns:ee="http://www.mulesoft.org/schema/mule/ee/core"
	xmlns:http="http://www.mulesoft.org/schema/mule/http"
	xmlns:aggregators="http://www.mulesoft.org/schema/mule/aggregators"
	xmlns:vm="http://www.mulesoft.org/schema/mule/vm"
	xmlns="http://www.mulesoft.org/schema/mule/core"
	xmlns:doc="http://www.mulesoft.org/schema/mule/documentation"
	xmlns:xsi="http://www.w3.org/2001/XMLSchema-instance"
	xsi:schemaLocation="http://www.mulesoft.org/schema/mule/core http://www.mulesoft.org/schema/mule/core/current/mule.xsd
http://www.mulesoft.org/schema/mule/vm http://www.mulesoft.org/schema/mule/vm/current/mule-vm.xsd
http://www.mulesoft.org/schema/mule/aggregators http://www.mulesoft.org/schema/mule/aggregators/current/mule-aggregators.xsd
http://www.mulesoft.org/schema/mule/http http://www.mulesoft.org/schema/mule/http/current/mule-http.xsd
http://www.mulesoft.org/schema/mule/ee/core http://www.mulesoft.org/schema/mule/ee/core/current/mule-ee.xsd
http://www.mulesoft.org/schema/mule/os http://www.mulesoft.org/schema/mule/os/current/mule-os.xsd
http://www.mulesoft.org/schema/mule/db http://www.mulesoft.org/schema/mule/db/current/mule-db.xsd
http://www.mulesoft.org/schema/mule/scripting http://www.mulesoft.org/schema/mule/scripting/current/mule-scripting.xsd">

	<flow name="check-apps-statusFlow"
		doc:id="09a8327b-a0eb-4dc7-9205-6ac53ee5fb3b" initialState="stopped">
		<scheduler doc:name="Scheduler"
			doc:id="52772835-dc12-4925-af71-42b2ad70a370">
			<scheduling-strategy>
				<fixed-frequency frequency="120000"
					startDelay="60000" />
			</scheduling-strategy>
		</scheduler>
		<logger level="INFO" doc:name="Logger"
			doc:id="e03cbd42-b439-4207-84cb-5085edd1998e"
			message='#["About to get messages"]' />
		<vm:consume queueName="appQueue" doc:name="Consume"
			doc:id="32c3170f-0298-4d2f-b08f-e4c69864ae00" config-ref="VM_Config" />
		<set-variable value="#[payload.txId]" doc:name="Set txId"
			doc:id="e46ff343-8a06-4747-b837-f0ac25679d5f" variableName="txId" />
		<os:retrieve doc:name="Retrieve Token"
			doc:id="f9197fdf-f95c-4c9b-982c-f4de83bd0c27" key='accessToken'
			objectStore="tokenObjectStore" target="accessToken" />
		<os:retrieve doc:name="Retrieve Env"
			doc:id="ad94e7e4-785f-422e-aa8d-b73e61022833"
			objectStore="tokenObjectStore" target="envId"
			key="#[Mule::p('envId-key') ++ payload.txId]" />
		<os:retrieve doc:name="Retrieve Version"
			doc:id="eb6b6138-48ed-4007-ae27-d65b34735cde"
			key="#[Mule::p('version-key') ++ payload.txId]"
			objectStore="tokenObjectStore" target="targetVersion" />
		<parallel-foreach maxConcurrency="10"
			doc:name="Parallel Status_Check"
			collection="#[payload.payload[?(not $.statusObtained)]]"
			target="processed" targetValue="#[payload.payload]">
			<flow-ref name="check-appStatus_subFlow"
				doc:name="chechAppStatus" />
		</parallel-foreach>
		<ee:transform doc:name="Transform Message"
			doc:id="b2b260d7-bb3f-4691-8a0e-ce905a83ec49">
			<ee:message>
				<ee:set-payload><![CDATA[%dw 2.0
output application/json
var processed = vars.processed
var origPayload = payload.payload
---
{
	txId:payload.txId,
	payload: origPayload map ((app, index) -> processed[?($.appName ~= app.appName)][0] default app)
}
]]></ee:set-payload>
			</ee:message>
		</ee:transform>
		<choice doc:name="Choice"
			doc:id="f48c46c2-ee60-4e31-a53f-a7ce316e3e9a">
			<when
				expression="#[isEmpty(payload.payload[?(not $.statusObtained)])]">
				<logger level="INFO" doc:name="Logger"
					doc:id="f0f48c29-041a-498b-b0c2-4ded38d5d25d" message="#[payload]" />
				<logger level="INFO" doc:name="Log App Update Complete"
					doc:id="884bbb6b-7e13-423e-a2fc-b1b3116e6a27"
					message='#["All Apps updated"]' />
				<ee:transform doc:name="Transform Message"
					doc:id="e656ac04-881d-47e4-a86f-7a0f00e784f0">
					<ee:message>
						<ee:set-payload><![CDATA[%dw 2.0
output application/json
---
((payload.payload map((app,index) -> {
	
	(app.appName) : {
		deploymentStatus: app.deploymentStatus,
		(deploymentError: app.deploymentError) if app.deploymentError?
		}
}))  reduce ($$++$))]]></ee:set-payload>
					</ee:message>
					<ee:variables>
						<ee:set-variable variableName="txId"><![CDATA[%dw 2.0
output application/java
---
payload.txId]]></ee:set-variable>
					</ee:variables>
				</ee:transform>
				<logger level="INFO" doc:name="Log deployment complete"
					doc:id="a0b10102-62be-4a55-aa45-6172f0310b5f" message="#[payload]" />
				<os:store doc:name="Store Status"
					doc:id="e84fb0bf-ac9f-4d9a-a91f-740d55491c71"
					key="#[Mule::p('status-key') ++ vars.txId]"
					objectStore="tokenObjectStore">
					<os:value><![CDATA[#[output application/json

var txId = vars.txId
---
{
	status: "Application deployment complete, Repository update will be performed only for successful deployed applications",
	stage: "Update dependencies and runtime artifacts in repository ",
	task: {
		"href": "/api/cloudhub/applications/" ++ txId,
		"id": txId
	},
	"deploymentStatus": payload
}]]]></os:value>
				</os:store>
				<flow-ref doc:name="initiate-repoUpdate-subFlow"
					doc:id="e60395f3-818c-47ba-af74-8508d92ecb0c"
					name="initiate-repoUpdate-subFlow" />
			</when>
			<otherwise>
				<logger level="INFO" doc:name="Log pending apps"
					doc:id="cc522438-9e82-4724-8bb1-d6781908787c"
					message="#[&quot;Pending apps yet to get deployed : $(payload.payload[?(not $.statusObtained)].appName joinBy ',')&quot;]" />
				<vm:publish queueName="appQueue" doc:name="Publish"
					doc:id="93b77418-7cf1-4e7d-ab48-2796c91db309"
					config-ref="VM_Config">
				</vm:publish>
				<os:store doc:name="Store Status"
					doc:id="cebcb7d2-47d9-4ddc-b830-c1fafeeffb69"
					key="#[Mule::p('status-key') ++ payload.txId]"
					objectStore="tokenObjectStore">
					<os:value><![CDATA[#[output application/json

var txId = payload.txId
---
{
	status: "Application deployment in progress",
	stage: "Update In Progess",
	task: {
		"href": "/api/cloudhub/applications/" ++ txId,
		"id": txId
	},
	"deploymentStatus":( (payload.payload default [] groupBy $.updateStatus) mapObject((val,key) -> {
		(key):val.appName
	}))
}]]]></os:value>
				</os:store>
			</otherwise>
		</choice>
		<error-handler ref="async-error-handler" />
	</flow>
	<sub-flow name="check-appStatus_subFlow"
		doc:id="2bb34046-0b54-4b98-95bb-92454fc201b8">
		<logger level="INFO" doc:name="Log Entry"
			doc:id="26b74131-c5d5-4c25-8ac6-d5aab7c5c5d5"
			message='#["Check status for app $(payload.appName)"]' />
		<http:request method="GET" doc:name="getAppStatus"
			doc:id="8c7b3519-1de5-4556-8b0b-cae19bc5e040"
			config-ref="anypoint-http-config"
			path="#[&quot;/&quot; ++ Mule::p('anypoint-platform.app-path')]"
			target="appStatusResponse">
			<http:headers><![CDATA[#[output application/java
---
{
	Authorization: vars.accessToken,
	'X-ANYPNT-ENV-ID':vars.envId
}]]]></http:headers>
			<http:uri-params><![CDATA[#[output application/java ---
{
	"domain": payload.appName
}]]]></http:uri-params>
		</http:request>
		<logger level="DEBUG" doc:name="Logger"
			doc:id="e2c45546-737f-46cb-bc5c-06aaa780345a"
			message="#[vars.appStatusResponse]" />
		<logger level="INFO" doc:name="Log Status"
			doc:id="e77891ea-fc8e-49af-919b-6846fbc368e7"
			message="#[output application/java ---
&quot;\n&quot;
++
&quot;App Name : $(vars.appStatusResponse.domain) \n&quot;
++ 
&quot;App deployment Status : $(if(vars.appStatusResponse.deploymentUpdateStatus?) vars.appStatusResponse.deploymentUpdateStatus else 'Success') &quot;
++ &quot;\n&quot;
++ &quot;App Status : $(vars.appStatusResponse.status) \n&quot;]" />
		<choice doc:name="checkType" doc:id="b9b38d51-dffd-47c3-b2a7-d7c467626c35" >
			<when expression='#[vars.checkType ~= "promote"]'>
				<ee:transform doc:name="Transform Message" doc:id="77198794-28f2-4dee-8714-1dc9a4369bdb" >
					<ee:message >
						<ee:set-payload ><![CDATA[%dw 2.0
output application/json
var updateResponse = vars.appStatusResponse
---
using (updateStatus  =  updateResponse.status )payload dw::core::Objects::mergeWith ({
	appName: updateResponse.domain,
	appStatus: updateResponse.status,
	deploymentStatus:updateStatus,
	(deploymentError: updateResponse.deploymentErrorMessage) if (updateResponse.deploymentErrorMessage? and (updateStatus ~= "DEPLOY_FAILED")) ,
	statusObtained: ((updateStatus ~= "STARTED") or (updateStatus ~= "DEPLOY_FAILED")),
	updateStatus: updateStatus
})]]></ee:set-payload>
					</ee:message>
				</ee:transform>
			</when>
			<otherwise >
				<ee:transform doc:name="Transform Message" doc:id="610ce14c-5d4d-4e05-b88d-051cf902db62">
			<ee:message>
				<ee:set-payload><![CDATA[%dw 2.0
output application/json
var updateResponse = vars.appStatusResponse
---
using (updateStatus  =  updateResponse.deploymentUpdateStatus default "SUCCESS"){
	appName: updateResponse.domain,
	appStatus: updateResponse.status,
	deploymentStatus:updateStatus,
	(deploymentError: updateResponse.deploymentErrorMessage) if (updateResponse.deploymentErrorMessage? and (updateStatus ~= "DEPLOY_FAILED")) ,
	statusObtained: ((updateStatus ~= "SUCCESS") or (updateStatus ~= "DEPLOY_FAILED")),
	updateStatus: updateStatus
}]]></ee:set-payload>
			</ee:message>
		</ee:transform>
			</otherwise>
		</choice>
		<logger level="INFO" doc:name="Log Exit"
			doc:id="21adffa9-3b8f-4734-a006-29b7a379450b"
			message='#["App Status check complete for $(payload.appName)"]' />
	</sub-flow>
</mule>
