<?xml version="1.0" encoding="UTF-8"?>

<mule xmlns:file="http://www.mulesoft.org/schema/mule/file"
	xmlns:http="http://www.mulesoft.org/schema/mule/http"
	xmlns:ee="http://www.mulesoft.org/schema/mule/ee/core"
	xmlns="http://www.mulesoft.org/schema/mule/core"
	xmlns:doc="http://www.mulesoft.org/schema/mule/documentation"
	xmlns:xsi="http://www.w3.org/2001/XMLSchema-instance"
	xsi:schemaLocation="http://www.mulesoft.org/schema/mule/core http://www.mulesoft.org/schema/mule/core/current/mule.xsd
http://www.mulesoft.org/schema/mule/ee/core http://www.mulesoft.org/schema/mule/ee/core/current/mule-ee.xsd
http://www.mulesoft.org/schema/mule/http http://www.mulesoft.org/schema/mule/http/current/mule-http.xsd
http://www.mulesoft.org/schema/mule/file http://www.mulesoft.org/schema/mule/file/current/mule-file.xsd">
	<file:config name="File_Config" doc:name="File Config"
		doc:id="0df065b4-6dba-42b8-84ad-793bdd6c59b9">
		<file:connection workingDir="C:\AbhiWork" />
	</file:config>
	<sub-flow name="excel-readerFlow" doc:id="3bd96f7b-d6e0-4457-af31-5242958f4447" >
		<set-variable value="#[vars.repoList default []]" doc:name="Set Variable" doc:id="f9ed68d6-a313-484d-8d13-8be48fa05996" variableName="repoList"/>
		<set-variable value="#[vars.page default 1]" doc:name="Set page" doc:id="c7d4e944-d4e7-4a92-8833-cc41bb2717b7" variableName="page"/>
		<logger level="INFO" doc:name="Logger" doc:id="633e6fff-70ad-449e-b06e-d587913eca37" message='#["Page No : $(vars.page default 1)"]'/>
		<http:request method="GET" doc:name="searchRepositoryByTextForUser" doc:id="8062b2ab-4cea-4ca2-9d31-f399fd16c2fe" config-ref="tfsGitHttpRequestConfig" path="#[&quot;/&quot; ++ Mule::p('git.uri.searchRepositoryyByCodeForUser') ++ Mule::p('git.uri.searchFileNameQueryParam')++&quot;&amp;page=$(vars.page)&quot;]">
			</http:request>
		<choice doc:name="items Exist?" doc:id="0f62c934-24f3-468a-8cc1-8e5f256fc1be" >
			<when expression="#[not isEmpty(payload.items)]">
				<ee:transform doc:name="Transform Message" doc:id="c51cb4a2-bdc6-4fe2-8643-1a71f7b7d4e7" >
					<ee:message >
					</ee:message>
					<ee:variables >
						<ee:set-variable variableName="repoList" ><![CDATA[%dw 2.0
output application/json
---
(vars.repoList default [])  ++ 

(payload.items map((item,index)->{

    repoName: item.repository.name,
    repoUrl: item.repository.url,
   
    (contentUrl: item.repository.'contents_url' replace "{+path}" with item.path) if item.repository.'contents_url'?
}))]]></ee:set-variable>
						<ee:set-variable variableName="page" ><![CDATA[%dw 2.0
output application/java
---
(vars.page default 0) + 1]]></ee:set-variable>
					</ee:variables>
				</ee:transform>
				<flow-ref doc:name="excel-readerFlow" doc:id="d7f38abc-a508-43df-900a-3e288d6642e8" name="excel-readerFlow"/>
			</when>
			<otherwise >
				<logger level="INFO" doc:name="Logger" doc:id="4fc69e2f-9e48-4bd0-9a0d-f05c2e967940" message="#[&quot;No match found for Query &quot; ++ Mule::p('git.uri.searchFileNameQueryParam')]"/>
				<set-payload value="#[output application/json --- (vars.repoList)]" doc:name="Set Payload" doc:id="d2612bec-df44-456a-9e61-f23c56922539" />
				<flow-ref doc:name="get-buildProps-subFlow" doc:id="c6e4a75e-9640-4eb4-9b7e-c90bbabeaf9f" name="get-buildProps-subFlow"/>
				<flow-ref doc:name="filter-appsByRepo-subFlow" doc:id="44330bc9-74f8-4602-98a3-2216d5b32f71" name="filter-appsByRepo-subFlow"/>
			</otherwise>
		</choice> 
	</sub-flow>
	<sub-flow name="get-buildProps-subFlow" doc:id="aca04574-0fcf-4160-b481-ca0dbd98e495" >
		<logger level="INFO" doc:name="Logger" doc:id="9ae2c5a5-fe13-4f48-a3ed-83a3c2e46015" message='#["Get Repo Contents from POM &amp; build.properties"]' />
		<foreach doc:name="For Each Repo" doc:id="cf4df3db-098b-4642-ad63-ff3dc0a3f1bb">
			<http:request method="GET" doc:name="GetContents" doc:id="485e5997-7485-44ba-813c-6368b278f60f" config-ref="tfsGitHttpRequestConfig" url="#[payload.contentUrl]" target="contentResponse" />
			<http:request method="GET" doc:name="GetPomDependencies" doc:id="b94a7279-289d-4844-bc72-eb8bd57cd44d" config-ref="tfsGitHttpRequestConfig" path="#[&quot;/&quot;++ Mule::p('git.content-url-path')]" target="pomContent">
				<http:uri-params ><![CDATA[#[output application/java---
{
	owner: Mule::p('git.owner'),
	repo: payload.repoName,
	path: vars.searchFile default "pom.xml"
}]]]></http:uri-params>
				<http:response-validator >
					<http:success-status-code-validator values='#["100 .. 499"]' />
				</http:response-validator>
			</http:request>
			<ee:transform doc:name="Transform Message" doc:id="0796102c-2c1e-405d-aecf-eecc4a9b2be5">
				<ee:message>
				</ee:message>
				<ee:variables>
					<ee:set-variable variableName="response"><![CDATA[%dw 2.0
output application/json
import * from dw::core::Binaries
import * from dw::Runtime
var lineSep = props()."line.separator"
ns xmlns http://maven.apache.org/POM/4.0.0

var contentResponse = vars.contentResponse default {
}
var formatKey = (aKey :String) -> aKey match {
	case "deploy.app.name" -> "appName"
	case "deploy.app.runtime" ->"muleVersion"
	case "deploy.app.WorkerType" -> "workerType"
	case "deploy.app.Workers" -> "noOfWorkers"
	case "deploy.app.BusinessGroup" -> "BG"
	else -> aKey
}


fun deriveVersionValue (dependency,pomProperties) = dependency: dependency mapObject((val,key) ->{
	(key): if(("$key" ~= "version") and (val contains "\$")) lookupVersion(val,pomProperties) else val
})
fun lookupVersion(prop :String , properties :Object ) = using(formattedProp = format(prop))properties."$formattedProp"
fun format( prop :String) = (prop replace "{" with "" replace "}" with "" replace "\$" with "")
var formatValueByKey = (value :String, aKey :String) -> if (aKey contains 'deploy.app.name') value  else value
var excludeProps = ["deploy.app.branch","deploy.app.cloudhub.env"]

var pomDependencies = using(pomXML = read(fromBase64(vars.pomContent.content),"application/xml") default {},pomContent=pomXML.xmlns#project){

    (appRuntime:pomContent.xmlns#properties.xmlns#"app.runtime") if pomContent.xmlns#properties.xmlns#"app.runtime"?,
    (pomContent.xmlns#dependencies.*xmlns#dependency default [] reduce ((item, accumulator = {}) -> accumulator ++ deriveVersionValue(item,pomContent.xmlns#properties)))
}
---
(vars.response default []) << ((
	payload ++ (
		(
			((fromBase64(contentResponse.content) replace "\r" with "") splitBy ("\n"))[?(not ( $ contains '#')) ] default []
		) 
		reduce ((item, accumulator = {}) -> accumulator ++ (using(keyVal = item splitBy "=") {
(formatKey(keyVal[0])): formatValueByKey(keyVal[1],keyVal[0])
}))) - "deploy.app.branch" - "deploy.app.cloudhub.env" -"contentUrl" ) ++ dependencies: pomDependencies )]]></ee:set-variable>
				</ee:variables>
			</ee:transform>
		</foreach>
	</sub-flow>
	<sub-flow name="filter-appsByRepo-subFlow" doc:id="439bdf79-c056-49dc-a4e3-5c91f54b9655" >
		<ee:transform doc:name="Transform Message" doc:id="32ae2eec-dc1d-40eb-9554-3cfdd130fbe7" >
			<ee:message >
				<ee:set-payload ><![CDATA[%dw 2.0
output application/json
var appByEnvName = (appName :String) -> if (appName contains "test") appName else appName ++ "-test"
---

readUrl("classpath://API_Runtimes.xlsx","application/xlsx").Sheet1[?($.Env ~= 'TEST' and (not isEmpty($."Deployed Name")))] map((app,appIndex) -> 
	(app filterObject ((value, key, index) -> not isEmpty(key) ) ) ++ ((vars.response[?(appByEnvName($.appName)) ~= app."Deployed Name"][0] default {})
		
	)
)]]></ee:set-payload>
			</ee:message>
			<ee:variables >
			</ee:variables>
		</ee:transform>
		<ee:transform doc:name="Transform Message" doc:id="fbd94b00-335c-404c-b930-be4664618013" >
			<ee:message >
				<ee:set-payload ><![CDATA[%dw 2.0
output application/csv separator=",",quoteValues=true,quote='"',lineSeparator="\n"
---
(payload map((app,index)->{

    Org:app.Org,
    Environment: app.Env,
    BusinessGroup: app.BG,
    AppNameInBuild: app.appName,
    DeployedName: app."Deployed Name",
    RepoName: app.repoName,
    RepoUrl: app.repoUrl,
    CurrentStatus:app.Status,
    'Mule Version': app.Version,
    WorkerTypes: app."Type",
    WorkerSize: app.Size,
    WorkerCount: app.Count,
    WorkerClassification: app.workerType,
    dependencies: write(app.dependencies,"application/json")
   
    
} ))]]></ee:set-payload>
			</ee:message>
		</ee:transform>
		<file:write doc:name="Write" doc:id="6b1a7e69-b144-4cff-b5eb-a33a8776f899" path='#["AppByRepository.csv"]' config-ref="File_Config"/> 
	</sub-flow>
</mule>
