<?xml version="1.0" encoding="UTF-8"?>

<mule xmlns:http="http://www.mulesoft.org/schema/mule/http" xmlns:file="http://www.mulesoft.org/schema/mule/file"
	xmlns:ee="http://www.mulesoft.org/schema/mule/ee/core"
	xmlns="http://www.mulesoft.org/schema/mule/core" xmlns:doc="http://www.mulesoft.org/schema/mule/documentation" xmlns:xsi="http://www.w3.org/2001/XMLSchema-instance" xsi:schemaLocation="http://www.mulesoft.org/schema/mule/core http://www.mulesoft.org/schema/mule/core/current/mule.xsd
http://www.mulesoft.org/schema/mule/ee/core http://www.mulesoft.org/schema/mule/ee/core/current/mule-ee.xsd
http://www.mulesoft.org/schema/mule/file http://www.mulesoft.org/schema/mule/file/current/mule-file.xsd
http://www.mulesoft.org/schema/mule/http http://www.mulesoft.org/schema/mule/http/current/mule-http.xsd">
	<sub-flow name="transform-apps-subFlow" doc:id="221542c5-d7d3-4747-a187-5cc34e65fcd0" >
		<ee:transform doc:name="Transform Message" doc:id="22b09f77-4989-4bd9-901f-faa0f5cb5431">
				<ee:message>
				</ee:message>
				<ee:variables>
					<ee:set-variable variableName="apps"><![CDATA[%dw 2.0
output application/json
var versionFilter = vars.userInput.muleVersion default ""
var operator = dw::core::Strings::substringBeforeLast(versionFilter,"~") ++ "~"
var val = dw::core::Strings::substringAfterLast(versionFilter,"~") 
var evalCheck = (a,b , op) -> op match {
    case "~eq~" -> a == b
    case "~neq~" -> a != b
    case "~gt~" -> a > b
    case "~gteq~" -> a >= b
    case "~lt~" -> a < b
     case "~lteq~" -> a <= b
        else -> true
}
fun filterApps (allApps :Array) = (allApps[?((evalCheck($.muleVersion.version,val,operator)) and ($.status != 'UNDEPLOYED'))] default [])


---
(vars.apps default {})++ {(vars.env):  filterApps(payload) as Iterator map((app,index) -> {
    "Application Name" : app.domain,
    "Status" : app.status,
    "Version" : app.muleVersion.version,
    "Worker Type": app.workers."type".name,
    "Worker Weight" : app.workers."type".weight,
    "NoOfWorkers": app.workers.amount,
    "CPU" : app.workers."type".cpu,
    "Last Updated" : app.lastUpdateTime as Number/1000 as DateTime {format: "yyyy-MM-dd'T'HH:mm:ss:SSS"} >> 'CST',
    "Static IP" : if(app.staticIPsEnabled) app.ipAddresses.*address joinBy "," else 'NA'
})}]]></ee:set-variable>
				</ee:variables>
			</ee:transform>
	</sub-flow>
	<sub-flow name="get-applications-status_subFlow" doc:id="45d8fdbc-f987-4e60-a587-2bf541b6d637" >
		<logger level="INFO" doc:name="Log Entry" doc:id="d340f802-fa25-4c82-a6aa-a1865ce16fbe" message='#[" Entry Get Application Status"]'/>
		<flow-ref doc:name="orchestrate-platform-subFlow" doc:id="696d08df-c671-4838-a12b-5ba57213699f" name="orchestrate-platform-subFlow" />
		<ee:transform doc:name="Transform Message" doc:id="a5e9ba00-7a31-4b42-9120-7a2b12bfea24" >
			<ee:message >
				<ee:set-payload ><![CDATA[output application/json

var checkEnv = (envName) -> envName match {

    case "Design" -> true
    case "External" -> true
    case "Sandbox" -> true
    case "TEST2" -> true
    else -> true
}
---
payload.data[?(checkEnv($.name))]]]></ee:set-payload>
			</ee:message>
		</ee:transform>
		<foreach doc:name="For Each" doc:id="8068e77c-25c2-4995-b462-18d70aac0916">
			<set-variable value="#[payload.name]" doc:name="Set Env Name" doc:id="a959eaf9-d56c-42be-ad2c-7bdb2f20757e" variableName="env"/>
			<set-variable value="#[payload.id]" doc:name="Set Env Id" doc:id="64e0f3d6-e158-4e38-b342-8211078c4cb4" variableName="envId"/>
			<logger level="INFO" doc:name="Log Environment" doc:id="02abc4c2-de64-4585-bdec-7d7b6b77495d" message='#["Get applications on $(vars.env)"]'/>
			<flow-ref doc:name="get-applications-subFlow" doc:id="1e72cf49-4210-4b5a-a4eb-3f91f5d3a796" name="get-applications-subFlow"/>
			<choice doc:name="Choice" doc:id="df5c35cd-74b3-4cf0-94ca-a3d109539f29" >
				<when expression="#[not (payload.message?)]">
					<flow-ref doc:name="transform-apps-subFlow" doc:id="6746fd0a-ac98-4c35-8dc2-3ea6521fd770" name="transform-apps-subFlow" />
				</when>
				<otherwise >
					<ee:transform doc:name="Transform Message" doc:id="dbf2f3d3-abc2-41ac-820a-bbba79972dc3" >
						<ee:message >
						</ee:message>
						<ee:variables >
							<ee:set-variable variableName="apps" ><![CDATA[%dw 2.0
output application/json
---
(vars.apps default {})++ {(vars.env): ([] << (info: payload.message))}]]></ee:set-variable>
						</ee:variables>
					</ee:transform>
				</otherwise>
			</choice>
		</foreach>
		<set-payload value='#[output application/json  ---vars.apps]' doc:name="Set Payload" doc:id="8bb4c6fc-cc2f-4689-bf53-ec69c70983ed" />
	</sub-flow>
	<sub-flow name="get-applications-metadata-subFlow" doc:id="39a3b75f-7071-4222-b756-6aa65f843820" >
		<logger level="INFO" doc:name="Log Entry" doc:id="455dc7b2-72c1-4299-99c7-217f749fc337" message='#[" Entry Get Application metadata Status"]'/>
		<flow-ref doc:name="orchestrate-platform-subFlow" doc:id="bc2afbed-30e1-4579-ae12-b02ef0e377ef" name="orchestrate-platform-subFlow"/>
		<ee:transform doc:name="GetEnvironment" doc:id="f468255e-dbfb-4ca6-81dc-1b2c8398fbeb" >
			<ee:message >
				<ee:set-payload ><![CDATA[%dw 2.0
output application/json
var environment = vars.userInput.environment
---
payload.data[?($.name ~= environment )][0] default {}]]></ee:set-payload>
			</ee:message>
		</ee:transform>
		<choice doc:name="Choice" doc:id="08cba637-c7d9-4450-8951-c05af8f12941" >
			<when expression="#[not isEmpty(payload)]">
				<logger level="INFO" doc:name="Logger" doc:id="9999c0ac-f40d-490e-b489-51eebee42157" message='#["Environment Found"]'/>
			</when>
			<otherwise >
				<raise-error doc:name="Raise APP:ENV-NAME-INVALID" doc:id="4252df3c-a22b-4e5a-8a27-c10db378d9b0" type="APP:ENV-NAME-INVALID" description='#["Invalid environment name supplied : $(vars.userInput.environment)" ]'/>
			</otherwise>
		</choice>
		<set-variable value="#[payload.id]" doc:name="Set Env Id" doc:id="88f59e01-6956-49c3-b8c8-4b716741df58" variableName="envId"/>
		<set-variable value="#[vars.userInput.environment]" doc:name="Set envName" doc:id="f3b846a9-510c-4f36-81cf-4b522b1b0a2b" variableName="env"/>
		<flow-ref doc:name="get-applications-subFlow" doc:id="73345685-0e06-4565-9ebb-5820c697415c" name="get-applications-subFlow"/>
		<flow-ref doc:name="transform-apps-subFlow" doc:id="e1272ea5-6e98-46f4-ac03-d6c67d8887de" name="transform-apps-subFlow"/>
		<set-payload value='#[output json
var env = vars.env
---
vars.apps."$env"]' doc:name="Set Payload" doc:id="e61846b8-dfc6-46be-b882-57795e219716" />
		<ee:transform doc:name="Transform Message" doc:id="c4d6564a-6c0f-4ad9-a4fb-75337d7c8819">
				<ee:message>
				<ee:set-payload ><![CDATA[%dw 2.0
output application/json
import dwl::common::helper as Helper
var env = vars.userInput.environment
var envSuffix = lower(env)
var repoMap = readUrl("classpath://app-repo-properties.yaml","application/yaml")
fun getRepoDetails (deployedAppName :String) = do {
	
var derivedAppName = 	Helper::getBuildName(deployedAppName,envSuffix)
	---
	repoMap."$derivedAppName" default {}
	}

---
payload map((app,inex) -> app ++ getRepoDetails(lower(app."Application Name")) )]]></ee:set-payload>
				</ee:message>
				<ee:variables>
				</ee:variables>
			</ee:transform>
		<foreach doc:name="For Each Repo Check Permissions" doc:id="32225c42-f594-470b-9b34-3113da17bc86" >
			<choice doc:name="Repo Exists" doc:id="861059b2-a740-4dc0-ab7a-90d26424d8a3" >
				<when expression="#[payload.RepoName?]">
					<set-variable value="#[payload.RepoUrl]" doc:name="Set Repo URL" doc:id="e065778b-be74-4471-9c61-db791b52a0ff" variableName="repoUrl"/>
					<try doc:name="Try" doc:id="52cb00ee-7019-4a7e-a263-34c08850f348" >
						<http:request method="GET" doc:name="GetRepo Permissions" doc:id="f1eb08db-7418-449c-841c-71e5f51a06ec" config-ref="gitHttpRequestConfig" url='#[vars.repoUrl ++ "/collaborators/$(vars.userInput.gitUser)/permission"]' target="permissionResponse">
						</http:request>
						<error-handler >
							<on-error-continue enableNotifications="false" logException="false" doc:name="On Error Continue" doc:id="cada4c3c-9ebe-47b8-9593-61e8151994b8" type="HTTP:FORBIDDEN">
								<ee:transform doc:name="Transform Message" doc:id="543bcd2f-e689-4d7a-b94f-1b4f1a4ce9e2" >
									<ee:message >
									</ee:message>
									<ee:variables >
										<ee:set-variable variableName="permissionResponse" ><![CDATA[%dw 2.0
output application/json
---
 {
	permission :  " No Permission "
}]]></ee:set-variable>
									</ee:variables>
								</ee:transform>
							</on-error-continue>
						</error-handler>
					</try>
					<ee:transform doc:name="Transform Message" doc:id="61b395d4-fb73-4f3f-8f2e-a6d60b72fcc9">
							<ee:message>
							</ee:message>
						<ee:variables >
							<ee:set-variable variableName="appDataPermissions" ><![CDATA[%dw 2.0
output application/json
---
{
	Permission : vars.permissionResponse.permission 
}]]></ee:set-variable>
						</ee:variables>
						</ee:transform>
					<ee:transform doc:name="Transform Message" doc:id="c9a8be54-666f-4ff9-9e6d-43c3eb224c27">
				<ee:message>
				</ee:message>
				<ee:variables>
					<ee:set-variable variableName="appData"><![CDATA[%dw 2.0
output application/json
---
(vars.appData default []) << (payload ++ vars.appDataPermissions )]]></ee:set-variable>
				</ee:variables>
			</ee:transform>
				</when>
				<otherwise >
					<ee:transform doc:name="Transform Message" doc:id="139984c3-64a7-4bd4-ab6b-3cbb9155bd29" >
						<ee:message >
						</ee:message>
						<ee:variables >
							<ee:set-variable variableName="appData" ><![CDATA[%dw 2.0
output application/json
---
 (vars.appData default []) << (payload ++ {
	Permission : "Not Applicable"
})]]></ee:set-variable>
						</ee:variables>
					</ee:transform>
				</otherwise>
			</choice>
		</foreach>
		<set-payload value='#[vars.appData default {message : "No applications found based on muleVersion criteria : $(vars.userInput.muleVersion)"}]' doc:name="Set Payload" doc:id="b395a0c0-4b1a-4223-b956-c76e60ea1fa2" />
	</sub-flow>
</mule>
