<?xml version="1.0" encoding="UTF-8"?>

<mule xmlns:aggregators="http://www.mulesoft.org/schema/mule/aggregators" xmlns:os="http://www.mulesoft.org/schema/mule/os"
	xmlns:vm="http://www.mulesoft.org/schema/mule/vm"
	xmlns:ee="http://www.mulesoft.org/schema/mule/ee/core" xmlns="http://www.mulesoft.org/schema/mule/core" xmlns:doc="http://www.mulesoft.org/schema/mule/documentation" xmlns:xsi="http://www.w3.org/2001/XMLSchema-instance" xsi:schemaLocation="http://www.mulesoft.org/schema/mule/core http://www.mulesoft.org/schema/mule/core/current/mule.xsd
http://www.mulesoft.org/schema/mule/ee/core http://www.mulesoft.org/schema/mule/ee/core/current/mule-ee.xsd
http://www.mulesoft.org/schema/mule/vm http://www.mulesoft.org/schema/mule/vm/current/mule-vm.xsd
http://www.mulesoft.org/schema/mule/os http://www.mulesoft.org/schema/mule/os/current/mule-os.xsd
http://www.mulesoft.org/schema/mule/aggregators http://www.mulesoft.org/schema/mule/aggregators/current/mule-aggregators.xsd">
	<sub-flow name="setStatus" doc:id="a3bab15a-93c7-49fa-9c22-6aed5ef3a869" >
		<os:retrieve doc:name="Retrieve Status" doc:id="9a37993c-329f-401c-b1d7-668808f31040" key="#[Mule::p('status-key') ++ payload.txId]" objectStore="tokenObjectStore" target="existingStatus" />
		<os:store doc:name="Store Status" doc:id="074a4fef-1d50-4a70-9358-0c97a37e7985" key="#[Mule::p('status-key') ++ payload.txId]" objectStore="tokenObjectStore">
					<os:value><![CDATA[#[output application/json

var txId = payload.txId
---
{
	status: "Application deployment in progress",
	stage: "Update In Progess",
	task: {
		"href": "/api/cloudhub/applications/" ++ txId,
		"id": txId
	},
	
	data : dw::core::Objects::mergeWith(vars.existingStatus.data default {}, 
	{"deploymentProgress":( (payload.payload default [] groupBy $.updateStatus) mapObject((val,key) -> {
		(key):val.appName
	}))})
}]]]></os:value>
				</os:store>
	</sub-flow>
	<sub-flow name="manage-application-update_subFlow" doc:id="67e6ba77-a020-4320-b0e6-3b8cd26e93d0" >
		<logger level="INFO" doc:name="Logger" doc:id="c7ed7a96-a3a2-4d90-afc1-5306016cdd1e" message='#["Entry manage application update "]'/>
		<set-variable value='#[readUrl("classpath://app-repo-properties.yaml","application/yaml")]' doc:name="Set repoMetaData" doc:id="1dcf4554-3019-480f-bb0f-16757018f1cc" variableName="appRepo"/>
		<ee:transform doc:name="FilterApps" doc:id="e9a185ac-d150-44ef-b0af-9dbf85b5df2f" >
			<ee:message >
				<ee:set-payload ><![CDATA[%dw 2.0
output application/json
var includedApps = vars.userInput.applications
var requestedVersion = vars.targetVersion
var envSuffix = vars.envName

var excludeHigherVersions = vars.userInput."exclude-higher-versions" default true
import  dwl::common::helper as helper
var supportedVersions = vars.supportedVersions
---

do {
	
	var filteredApps = if(not isEmpty(includedApps)) payload[?($.status != 'UNDEPLOYED' and (includedApps contains $.appName))]
else  payload[?($.status != 'UNDEPLOYED')]
var appsWithRepo = filteredApps map((app,index) ->  
	app ++
	(vars.appRepo."$(helper::getBuildName(lower(app.appName),envSuffix))" default {repoUnavailable:true})
	++ 
	(atHigherVersion:  true) if(app.muleVersion > requestedVersion and excludeHigherVersions)
)
---
{
	eligibleApps : appsWithRepo[?(not (($.repoUnavailable?) or ($.atHigherVersion?)))] default [],
	appsAtHigherVersion: appsWithRepo[?($.atHigherVersion?)] map((item,index) -> {(item.appName): item.muleVersion}) default [] reduce((it,acc={})-> acc ++ it ),
	appsWithNoRepo : appsWithRepo[?($.repoUnavailable?)].appName default []
}

}
]]></ee:set-payload>
			</ee:message>
		</ee:transform>
		<choice doc:name="eligibleApps?" doc:id="adbb240c-6d4f-4fab-b3b0-cd084a87d52f" >
			<when expression="#[not isEmpty(payload.eligibleApps)]">
				<logger level="INFO" doc:name="Logger" doc:id="77026fdd-94a8-4926-b606-7b69171b23ba" message='#["Apps available for upgrade"]'/>
				<ee:transform doc:name="PrepareGroup" doc:id="d1b01a07-fdde-46da-8c9e-044650c34bd3" >
					<ee:message >
						<ee:set-payload ><![CDATA[%dw 2.0
output application/json
var concurrency = log(vars.userInput)."update-concurrency" default 5
---
using ( batchInput = dw::core::Arrays::divideBy(payload.eligibleApps,concurrency),batchSize = sizeOf(batchInput)) batchInput map ((batch,index) -> {
	
	groupId: vars.txId,
	groupSize: batchSize,
	groupIndex: (index + 1),
	data : batch
})]]></ee:set-payload>
					</ee:message>
				</ee:transform>
				<foreach doc:name="For Each Batch" doc:id="c85d60e1-c7f1-4ac6-8d31-7bb6279ab9f8" >
					<vm:publish doc:name="Publish to initQueue" doc:id="cecd350a-c840-4fb9-8f7e-4281ea1001d1" config-ref="VM_Config" queueName="initQueue"/>
				</foreach>
				<ee:transform doc:name="Transform Message" doc:id="8c03a298-7c48-4c96-a1eb-5a0460656776" >
					<ee:message >
						<ee:set-payload ><![CDATA[%dw 2.0
output application/json
---
{
	status: "Version Update initiated to  $(vars.targetVersion)",
	"stage": "Update In Progess",
	"task": {
		"href": "/api/cloudhub/applications/$(vars.txId)",
		"id": vars.txId,
		"type": "GET"
	},
	data: {
		includedApplications: flatten(payload.data).appName
	}

}]]></ee:set-payload>
					</ee:message>
					<ee:variables >
						<ee:set-variable variableName="httpStatus" ><![CDATA[%dw 2.0
output application/java
---
202]]></ee:set-variable>
					</ee:variables>
				</ee:transform>
				<os:store doc:name="Store status" doc:id="3e521821-5ddf-4cd9-a734-183453ca3646" key="#[Mule::p('status-key') ++ vars.txId]" objectStore="tokenObjectStore"/>
			</when>
			<otherwise >
				<ee:transform doc:name="Transform Message" doc:id="a8bdde00-ac91-408f-8b73-abdd167b4648" >
					<ee:message >
						<ee:set-payload ><![CDATA[%dw 2.0
output application/json
---
{
	status: "No Eligible apps found for upgrade to $(vars.targetVersion)",
	stage: "Completed",
	data: payload - "eligibleApps"
}]]></ee:set-payload>
					</ee:message>
					<ee:variables >
						<ee:set-variable variableName="httpStatus" ><![CDATA[%dw 2.0
output application/java
---
200]]></ee:set-variable>
					</ee:variables>
				</ee:transform>
			</otherwise>
		</choice>
	</sub-flow>
	<flow name="initiate-update-application-updateFlow" doc:id="911afb58-c86e-489f-a750-f93d60a436e9" maxConcurrency="1">
		<vm:listener doc:name="Listen initQueue" doc:id="c385e704-4a00-4f94-b843-779d62c0834d" config-ref="VM_Config" numberOfConsumers="1" queueName="initQueue"/>
		<set-variable value="#[payload.groupId]" doc:name="Set txId" doc:id="6a58aef6-a532-4f97-9df3-a680846a4337" variableName="txId"/>
		<set-variable value="#[payload.groupIndex]" doc:name="Set groupIndex" doc:id="8abf9405-7618-41f6-be2c-d378fa3a5b30" variableName="groupIndex"/>
		<set-variable value="#[payload.groupSize]" doc:name="Set groupSize" doc:id="6c9b7717-fec8-4c93-b32b-506b6cd4909b" variableName="groupSize"/>
		<os:retrieve doc:name="Retrieve targetVersion" doc:id="b2d09f1a-d00d-4332-83ac-ea606aeac837" key="#[Mule::p('version-key')++ vars.txId]" target="targetVersion" objectStore="tokenObjectStore"/>
		<os:retrieve doc:name="Retrieve envId" doc:id="a6cdf618-2b22-41bb-9701-b92fa8995ae1" key="#[Mule::p('envId-key') ++ vars.txId]" target="envId" objectStore="tokenObjectStore"/>
		<os:retrieve doc:name="Retrieve accessToken" doc:id="e8a3c37c-4643-4b96-b4ae-cc39eeac7725" key="accessToken" target="accessToken" objectStore="tokenObjectStore"/>
		<os:retrieve doc:name="Retrieve gitToken" doc:id="907195b8-1189-4614-8c53-a7f880375d62" key="gitToken" objectStore="tokenObjectStore" target="userInput" targetValue="#[output application/json --- {gitToken:payload}]" />
		<logger level="INFO" doc:name="Logger" doc:id="6e561549-80e2-4779-a941-ea81517db41a" message='#["Entry - Batch no : $(payload.groupIndex) of Batch : $(vars.txId) received"]'/>
		<flow-ref doc:name="bulkUpdate_parallel-subFlow" doc:id="e7ff79f6-c5c3-4730-918b-4705c4329730" name="bulkUpdate_parallel-subFlow" target="bulkUpdateResponse"/>
		<choice doc:name="firstBatch" doc:id="d4b2ee9c-b72a-48e6-bb9d-75cdc6b31b51" >
			<when expression="#[payload.groupIndex ~= 1]">
				<flow-ref doc:name="flow-controller-subFlow" doc:id="685db509-2f6e-4b08-b64b-142b68c3abf7" name="flow-controller-subFlow" target="controlFlow"/>
			</when>
		</choice>
		<vm:consume queueName="aggregateQueue" doc:name="Consume aggregateQueue" doc:id="abde6020-0fbb-4168-b974-f542c73647de" config-ref="VM_Config" timeout="1" timeoutUnit="HOURS" target="aggregateResponse"/>
		<ee:transform doc:name="Transform Message" doc:id="dff57e1a-1857-4d34-8578-63cf38710005" >
			<ee:message >
				<ee:set-payload ><![CDATA[%dw 2.0
output application/json
var aggPayload = vars.aggregateResponse.payload
---
payload update {
	
	case data at .data -> data map((item,index) -> dw::core::Objects::mergeWith(item,aggPayload[?($.appName ~= item.appName)][0]))
}]]></ee:set-payload>
			</ee:message>
		</ee:transform>
		<logger level="DEBUG" doc:name="Logger" doc:id="6aac5499-ef37-4b6a-a097-a4c734c84455" message="#[payload]"/>
		<aggregators:group-based-aggregator doc:name="Group based aggregator" doc:id="33a1c44b-34a7-45ef-bb6c-30db1f92004d" name="AppUpdateAggregator" groupId="#[payload.groupId]" groupSize="#[payload.groupSize]" evictionTime="0">
			<aggregators:incremental-aggregation >
				<logger level="INFO" doc:name="Log Incremental Aggregation" doc:id="e612f750-9797-4fac-8f4b-5f0802765f5c" message='#["Batch No : $(payload[-1].groupIndex) processed for Batch Id : $(payload[-1].groupId)"]'/>
				<logger level="INFO" doc:name="Logger" doc:id="f8f1bfe5-8112-4fbc-af09-3615711c3f05" message="#[payload[-1].data.appName]"/>
			</aggregators:incremental-aggregation>
			<aggregators:aggregation-complete >
				<logger level="INFO" doc:name="Logger" doc:id="ee9612c6-f873-4dc7-9ef4-a91088f74317" message="#[&quot;Aggregation Complete  for Batch Id : $(payload[-1].groupId) , last applications updated are $(payload[-1].data.appName joinBy ',')&quot;]"/>
				<flow-ref doc:name="flow-controller-subFlow" doc:id="8b041cd0-bb24-4895-bb2e-c36cc7c1ee78" name="flow-controller-subFlow"/>
				<set-variable value="#[true]" doc:name="Set completion" doc:id="36d42d5d-c981-477d-950d-fc73cdd415b6" variableName="complete"/>
			</aggregators:aggregation-complete>
		</aggregators:group-based-aggregator>
		<os:retrieve doc:name="Retrieve Status" doc:id="4a4ed9e2-9e48-41f2-9d16-6c60bbedff26" key="#[Mule::p('status-key') ++ vars.txId]" objectStore="tokenObjectStore" target="existingStatus" />
		<os:store doc:name="update Status" doc:id="e60a7bf9-8b82-492b-97b3-5740f4cb6b82" key="#[Mule::p('status-key') ++ vars.txId]" objectStore="tokenObjectStore">
			<os:value><![CDATA[#[%dw 2.0
output application/json
---
{
	status: "Version Update initiated to  $(vars.targetVersion)",
	"stage": "Update In Progess , update repository for successfully deployed applications",
	"task": {
		"href": "/api/cloudhub/applications/$(vars.txId)",
		"id": vars.txId,
		"type": "GET"
	},
	data: ((vars.existingStatus.data default {}) ++ {
		("deploymentStatus_" ++ vars.groupIndex): (payload.data map((item,index) -> {
			
			(item.appName) : (item.deploymentStatus ++ (" - " ++ item.deploymentError default "") ) 
		})) default [] reduce((app,acc= {}) -> acc ++ app)
	})

}]]]></os:value>
		</os:store>
		<ee:transform doc:name="Transform Message" doc:id="e0ad48a0-9712-41f6-b40b-a5f8c1bb5706" >
			<ee:message >
				<ee:set-payload ><![CDATA[%dw 2.0
output application/json
---
payload.data[?($.deploymentStatus ~= 'SUCCESS')]]]></ee:set-payload>
			</ee:message>
		</ee:transform>
		<logger level="INFO" doc:name="Logger" doc:id="3e5552e3-cde7-49b5-9c2f-e320285db796" message="Applications to be updated in repository #[payload.appName]"/>
		<flow-ref doc:name="initiate-repoUpdate-subFlow" doc:id="c10c28bc-47bc-4404-a4d9-9c5797741113" name="initiate-repoUpdate-subFlow"/>
		<!-- <ee:transform doc:name="Transform Message" doc:id="eb6ff533-0ae8-4a9b-b370-d31be9bc51b0" >
			<ee:message >
				<ee:set-payload ><![CDATA[%dw 2.0
output application/java
-&#45;&#45;
{
}]]></ee:set-payload>
			</ee:message>
		</ee:transform>
		<flow-ref doc:name="initiate-repoUpdate-subFlow" doc:id="37eb2971-9ae9-46e5-9540-120ecf0382a5" name="initiate-repoUpdate-subFlow"/> -->
	</flow>
	<flow name="check-apps-status-NFlow"
		doc:id="2f00161e-0b03-4d34-bc78-9d9c24e6ac50" initialState="stopped">
		<scheduler doc:name="Scheduler"
			doc:id="73be1560-2349-444a-bb73-8765d7dd367e">
			<scheduling-strategy>
				<fixed-frequency frequency="120000"
					startDelay="60000" />
			</scheduling-strategy>
		</scheduler>
		<logger level="INFO" doc:name="Logger"
			doc:id="4267d0db-d97a-4363-b705-2388626aa7cd"
			message='#["About to get messages"]' />
		<vm:consume queueName="appQueue" doc:name="Consume appQueue"
			doc:id="c95b361d-30cc-4c1e-b0a9-7062d5be963c" config-ref="VM_Config" />
		<set-variable value="#[payload.txId]" doc:name="Set txId" doc:id="294972f6-3f69-4a41-bd2e-8af1d8d38ae9" variableName="txId" />
		<os:retrieve doc:name="Retrieve Token" doc:id="2999bdb9-aa45-47b7-adc3-5dcf470c6265" key='accessToken' objectStore="tokenObjectStore" target="accessToken"/>
		<os:retrieve doc:name="Retrieve gitToken" doc:id="21214828-23d2-4027-920e-24901b40cf37" key="gitToken" objectStore="tokenObjectStore" target="userInput" targetValue="#[output application/json --- {gitToken:payload}]"/>
		<os:retrieve doc:name="Retrieve Env" doc:id="e2a63793-e69b-4465-8ecd-79d48537ea82" objectStore="tokenObjectStore" target="envId" key="#[Mule::p('envId-key') ++ payload.txId]"/>
		<os:retrieve doc:name="Retrieve Version" doc:id="60d42967-ecb9-45bd-a521-cc6bd97734b0" key="#[Mule::p('version-key') ++ payload.txId]" objectStore="tokenObjectStore" target="targetVersion"/>
		<parallel-foreach maxConcurrency="10"
			doc:name="Parallel Status_Check" collection="#[payload.payload[?(not $.statusObtained)]]" target ="processed" targetValue="#[payload.payload]">
			<flow-ref name="check-appStatus_subFlow"
				doc:name="chechAppStatus" />
		</parallel-foreach>
		<ee:transform doc:name="Transform Message"
			doc:id="72ea6da9-63e4-4693-bea2-521f974deb97">
			<ee:message>
				<ee:set-payload><![CDATA[%dw 2.0
output application/json
var processed = vars.processed
var origPayload = payload.payload
---
{
	txId:payload.txId,
	payload: origPayload map ((app, index) -> processed[?($.appName ~= app.appName)][0] default app)
}
]]></ee:set-payload>
			</ee:message>
		</ee:transform>
		<flow-ref doc:name="setStatus" doc:id="80c52eba-618e-4078-8c44-f92ceeea988e" name="setStatus" target="setStatusResponse"/>
		<choice doc:name="Choice"
			doc:id="48157d56-eee4-4e31-8571-ff8bfb465baa">
			<when expression="#[isEmpty(payload.payload[?(not $.statusObtained)])]">
				<logger level="DEBUG" doc:name="Logger" doc:id="e5cc478b-e8b4-47f6-884c-8c097e9389ee" message="#[payload]"/>
				<logger level="INFO" doc:name="Log App Update Complete"
					doc:id="04707ac2-ee9c-4308-8eaf-6ae6412becfc"
					message='#["All Apps updated"]' />
				<vm:publish queueName="aggregateQueue" doc:name="Publish aggregateQueue" doc:id="5ffd3883-c489-48d0-8825-28ac5cf715e5" config-ref="VM_Config"/>
				<!-- <ee:transform doc:name="Transform Message" doc:id="47551caa-bca6-4187-9076-47cfd591db84" >
					<ee:message >
						<ee:set-payload ><![CDATA[%dw 2.0
output application/json
-&#45;&#45;
((payload.payload map((app,index) -> {
	
	(app.appName) : {
		deploymentStatus: app.deploymentStatus,
		(deploymentError: app.deploymentError) if app.deploymentError?
		}
}))  reduce ($$++$))]]></ee:set-payload>
					</ee:message>
					<ee:variables >
						<ee:set-variable variableName="txId" ><![CDATA[%dw 2.0
output application/java
-&#45;&#45;
payload.txId]]></ee:set-variable>
					</ee:variables>
				</ee:transform>
				<logger level="INFO" doc:name="Log deployment complete" doc:id="2463e113-8efe-449a-8450-d54da5c23997" message="#[payload]"/>
				<os:store doc:name="Store Status" doc:id="b9115903-6fe4-4f24-a2b4-8ea2ee840205" key="#[Mule::p('status-key') ++ vars.txId]" objectStore="tokenObjectStore">
					<os:value ><![CDATA[#[output application/json

var txId = vars.txId
-&#45;&#45;
{
	status: "Application deployment complete, Repository update will be performed only for successful deployed applications",
	stage: "Update dependencies and runtime artifacts in repository ",
	task: {
		"href": "/api/cloudhub/applications/" ++ txId,
		"id": txId
	},
	"deploymentStatus": payload
}]]]></os:value>
				</os:store>
				<flow-ref doc:name="initiate-repoUpdate-subFlow" doc:id="cacde410-8493-4a45-92c3-8ce4e4a4d9be" name="initiate-repoUpdate-subFlow" /> -->
			
</when>
			<otherwise>
				<logger level="INFO" doc:name="Log pending apps"
					doc:id="85be6201-e040-4cee-81da-17f7370705a4"
					message="#[&quot;Pending apps yet to get deployed : $(payload.payload[?(not $.statusObtained)].appName joinBy ',')&quot;]" />
				<vm:publish queueName="appQueue" doc:name="Publish appQueue" doc:id="af787719-68a1-45be-bb47-3c3d59a517d7" config-ref="VM_Config" >
				</vm:publish>
			
</otherwise>
		</choice>
		<error-handler ref="async-error-handler" />
	</flow>
</mule>
