<?xml version="1.0" encoding="UTF-8"?>

<mule xmlns:os="http://www.mulesoft.org/schema/mule/os"
	xmlns:vm="http://www.mulesoft.org/schema/mule/vm"
	xmlns:ee="http://www.mulesoft.org/schema/mule/ee/core"
	xmlns:http="http://www.mulesoft.org/schema/mule/http"
	xmlns="http://www.mulesoft.org/schema/mule/core"
	xmlns:doc="http://www.mulesoft.org/schema/mule/documentation"
	xmlns:xsi="http://www.w3.org/2001/XMLSchema-instance"
	xsi:schemaLocation="http://www.mulesoft.org/schema/mule/core http://www.mulesoft.org/schema/mule/core/current/mule.xsd
http://www.mulesoft.org/schema/mule/http http://www.mulesoft.org/schema/mule/http/current/mule-http.xsd
http://www.mulesoft.org/schema/mule/ee/core http://www.mulesoft.org/schema/mule/ee/core/current/mule-ee.xsd
http://www.mulesoft.org/schema/mule/vm http://www.mulesoft.org/schema/mule/vm/current/mule-vm.xsd
http://www.mulesoft.org/schema/mule/os http://www.mulesoft.org/schema/mule/os/current/mule-os.xsd">
	<sub-flow name="orchestrate-platform-subFlow"
		doc:id="685cbcf2-21d0-49bc-bda7-9011299caee6">
		<flow-ref doc:name="login-subFlow"
			doc:id="533fdfe3-b9b2-494b-b123-1c7537a028f8" name="login-subFlow"
			targetValue="#[&quot;Bearer&quot; ++ &quot; &quot; ++ payload.'access_token']"
			target="accessToken" />
		<flow-ref doc:name="org-subflow"
			doc:id="c72370e7-18c3-40f4-90e9-a59e3132556f" name="org-subflow"
			target="orgId" targetValue="#[payload.id]" />
		<flow-ref doc:name="get-envs-subFlow"
			doc:id="42e63f88-ca20-456d-92e4-4206b3970570" name="get-envs-subFlow" />
	</sub-flow>
	<sub-flow name="get-orgs-subFlow"
		doc:id="177847cf-2379-411b-b95a-6c71341b2194">
		<http:request method="GET" doc:name="getOrganisationId"
			doc:id="1ff55eff-fc00-415b-a52f-7df98f911151"
			config-ref="anypoint-http-config"
			path="/${anypoint-platform.org-path}">
			<http:headers><![CDATA[#[output application/java
---
{
	Authorization: vars.accessToken
}]]]></http:headers>
		</http:request>
	</sub-flow>
	<sub-flow name="get-applications-subFlow"
		doc:id="ecf9e496-5d91-403f-a1c7-aae9eed3fd08">
		<try doc:name="Try" doc:id="bf57553a-c874-40a2-b582-67c889ad1a94" >
			<http:request method="GET" doc:name="getApplications" doc:id="a3edeb50-2843-4c5b-9dbb-3102c15688a2" config-ref="anypoint-http-config" path="/${anypoint-platform.apps-path}">
			<http:headers><![CDATA[#[output application/java
---
{
	'X-ANYPNT-ENV-ID': vars.envId,
	Authorization: vars.accessToken
}]]]></http:headers>
		</http:request>
			<error-handler >
				<on-error-continue enableNotifications="false" logException="false" doc:name="On Error Continue" doc:id="e0fb2aaf-f25a-4827-bae2-a5e14cc654d6" type="HTTP:FORBIDDEN">
					<set-payload value="#[error.errorMessage.payload]" doc:name="Set Payload" doc:id="854045ea-38b6-4e82-b769-1ab24230fcb8" />
				</on-error-continue>
			</error-handler>
		</try>
	</sub-flow>
	<sub-flow name="get-envs-subFlow"
		doc:id="0989eef6-9be7-4446-9d8f-2eb3c16b75a7">
		<http:request method="GET" doc:name="getEnvironmentId"
			doc:id="a35211c6-95b0-40ab-bd0a-84af1c0191d6"
			config-ref="anypoint-http-config"
			path="/${anypoint-platform.env-path}" targetValue="#[log(payload)]">
			<http:headers><![CDATA[#[output application/java
---
{
	Authorization: vars.accessToken
}]]]></http:headers>
			<http:uri-params><![CDATA[#[output application/java
---
{
	'org_id': vars.orgId
}]]]></http:uri-params>
		</http:request>
	</sub-flow>
	<sub-flow name="update-App-SubFlow"
		doc:id="bd4f2082-4610-4fa8-8ab8-54d3dc66724d">
		<logger level="INFO" doc:name="Logger"
			doc:id="80d98ba8-27c6-4f1f-b435-b6845c4fd4d0"
			message='#["About to update app $(payload.appName)"]' />
		<ee:transform doc:name="Transform Message"
			doc:id="837c492b-a54f-4f25-893b-873df81c3445">
			<ee:message>
				<ee:set-payload><![CDATA[%dw 2.0
output application/json
---
{
    "appName": payload.appName,
    "status": payload.status,
    "fileName": payload.fileName,
    "noOfWorkers":  payload.noOfWorkers,
    "workerType": payload.workerType,
    "cores": payload.cores,
    "muleVersion": vars.targetVersion
  }]]></ee:set-payload>

			</ee:message>
			<ee:variables>
				<ee:set-variable variableName="versionUpdateRequest"><![CDATA[%dw 2.0
output application/json
---
{
	applicationInfo:{
		muleVersion:{
			version: vars.targetVersion
		},
		workers:  using(workers = payload.workers){
			"type":workers.'type',
			amount: workers.amount
		}
	}

   
  
}]]></ee:set-variable>
			</ee:variables>
		</ee:transform>
		<try doc:name="Try" doc:id="363047ae-2c1d-42a4-9ced-cf4ba353c55b">
			<http:request method="PUT" doc:name="updateMuleVersion"
				doc:id="452aa12f-9b81-4ada-9caa-b7d543654792"
				config-ref="anypoint-http-config"
				path="/${anypoint-platform.app-path}" requestStreamingMode="NEVER"
				target="updateResponse">
				<http:body><![CDATA[#[vars.versionUpdateRequest]]]></http:body>
				<http:headers><![CDATA[#[output application/java
---
{
	'X-ANYPNT-ENV-ID':vars.envId,
	Authorization: vars.accessToken
}]]]></http:headers>
				<http:uri-params><![CDATA[#[output application/java
---
{
	domain: payload.appName
}]]]></http:uri-params>
				<http:response-validator>
					<http:success-status-code-validator
						values="#['100..600']" />
				</http:response-validator>
			</http:request>
			<logger level="INFO" doc:name="Log initiate"
				doc:id="85e369ec-f02b-4f68-87f9-27845a0752d1"
				message='#["Initiated update for App : $(payload.appName)"]' />
			<error-handler>
				<on-error-continue enableNotifications="true"
					logException="true" doc:name="On Error Continue"
					doc:id="2245e054-e777-4645-8ab2-9aba1e2302ad" type="ANY">
					<logger level="INFO" doc:name="Logger"
						doc:id="27bcb3d8-7d43-43ff-ae81-d796e0f88bc8"
						message='#[" Failed to perform update for app : $(payload.appName)"]' />
					<ee:transform doc:name="Transform Message"
						doc:id="aef03123-9ddd-4084-86eb-4bc447490cdc">
						<ee:message>
							<ee:set-payload><![CDATA[%dw 2.0
output application/json
---
payload ++ {
	error: true
}]]></ee:set-payload>
						</ee:message>
					</ee:transform>
				</on-error-continue>
			</error-handler>
		</try>
		<logger level="INFO" doc:name="Log GroupId"
			doc:id="b6248535-ed39-48f8-be19-b7847d217697"
			message='#[" Update request complete for app $(payload.appName) "]' />
	</sub-flow>
	<sub-flow name="login-subFlow"
		doc:id="f28d0bd0-0577-46c9-880a-344bc84a35d0">
		<logger level="INFO" doc:name="Log Entry"
			doc:id="49d6569f-832a-4780-9d77-4454aa64d727"
			message="About to login to Anypoint Platform" />
		<http:request method="POST" doc:name="login"
			doc:id="b3b624f2-a113-4ec2-9a8e-efc50565251e"
			path="/${anypoint-platform.login-path}"
			config-ref="anypoint-http-config">
			<http:body><![CDATA[#[output application/json 
import  extractCredentials from dwl::common::helper


---
extractCredentials(vars.authData)]]]></http:body>
		</http:request>
		<os:store doc:name="Store Token"
			doc:id="fba14faa-0088-4702-9d83-39abccb2d2cd" key="accessToken"
			objectStore="tokenObjectStore">
			<os:value><![CDATA[#["Bearer" ++ " " ++ payload.'access_token']]]></os:value>
		</os:store>
		<logger level="INFO" doc:name="Log Exit"
			doc:id="014a90b0-1a09-4d9d-9b2a-57cb54962b64"
			message="Login Succeeded" />
	</sub-flow>
	<sub-flow name="org-subflow"
		doc:id="1b491717-e00a-4a62-a2fd-0c094da0be56">
		<logger level="INFO" doc:name="Log Entry"
			doc:id="42367a79-9670-45da-98bf-97f8f82460bd"
			message="About to get Organisation Id" />
		<flow-ref doc:name="get-orgs-subFlow"
			doc:id="3a00ca30-bca1-4ed8-af2a-76990745bc09" name="get-orgs-subFlow" />
		<logger level="DEBUG" doc:name="Logger"
			doc:id="dd6c8a6b-36bd-443b-91b8-3e22410fbbf0" message="#[payload]" />
		<ee:transform doc:name="FilterOrg"
			doc:id="1a429aa9-54e2-49a8-bce5-a184bd9e1b77">
			<ee:message>
				<ee:set-payload><![CDATA[%dw 2.0
output application/java

var bgName = vars.userInput.businessGroupname
---
payload.user.memberOfOrganizations[?($.name ~= bgName)][0] default {}]]></ee:set-payload>
			</ee:message>
		</ee:transform>
		<choice doc:name="OrgDetermined?"
			doc:id="11ba7ce9-1a04-442b-a1f6-046de511bac8">
			<when expression="#[not isEmpty(payload)]">
				<logger level="INFO" doc:name="Logger"
					doc:id="7b0e9f5e-e991-4804-bc13-2031e0f32ca1"
					message='#["Organization Id determined for $(vars.userInput.businessGroupname) "]' />
			</when>
			<otherwise>
				<raise-error doc:name="Raise error APP:ORG-NAME-INVALID"
					doc:id="16e4bfd7-cdbe-47a4-826f-51aa0f94f210"
					type="APP:ORG-NAME-INVALID"
					description='#["Supplied organization $(vars.userInput.businessGroupname) is invalid "]' />
			</otherwise>
		</choice>
		<logger level="INFO" doc:name="Log Exit"
			doc:id="81daf54b-bfaf-44d1-829b-65b7f8b7172d"
			message="Organization Id obtained" />
	</sub-flow>
	<sub-flow name="check-versions-subFlow"
		doc:id="9ac6b159-935b-47e5-8ec4-8993f28894a9">
		<logger level="INFO" doc:name="Log Entry"
			doc:id="fd04cd4c-9394-4f18-97a7-f3f2e4589e08"
			message='#["Get Supported Versions"]' />
		<http:request method="GET"
			doc:name="getSupportedVersions"
			doc:id="d9938fa0-2f8a-484a-a1b4-1cff1e7a3d08"
			config-ref="anypoint-http-config"
			path="/${anypoint-platform.versions-path}">
			<http:headers><![CDATA[#[output application/java
---
{
	Authorization: vars.accessToken
}]]]></http:headers>
		</http:request>
		<choice doc:name="Valid Provided Versions?"
			doc:id="c468caaa-1aff-4284-a50d-38d81657e1fe">
			<when
				expression="#[payload.data[?($.recommended)].version contains vars.targetVersion]">
				<logger level="INFO" doc:name="Log Valid verison"
					doc:id="c4cb2ea2-9999-42be-8ab7-ea1bec46d2e9"
					message='#["Provided version $(vars.targetVersion) is supported"]' />
			</when>
			<otherwise>
				<raise-error
					doc:name="Raise error APP:MULE-VERSION-INVALID"
					doc:id="7d9dae9b-454f-41ee-a647-e8ca4d8e3d9e"
					type="APP:MULE-VERSION-INVALID"
					description="#[&quot;Provided version $(vars.targetVersion) invalid . Supported versions are $(payload.data[?($.recommended)].version joinBy ' , ')&quot;]" />
			</otherwise>
		</choice>
		<set-payload value="#[payload.data[?($.recommended)].version]" doc:name="Set Payload" doc:id="218cf702-dd76-4584-a225-2bb9d261908b" />
		<logger level="INFO" doc:name="Log Exit"
			doc:id="e75c4900-c05b-4db8-bd4e-ecf4b33eaf02"
			message='#["Supported versions obtained"]' />
	</sub-flow>
	<sub-flow name="env-subFlow"
		doc:id="38c83dfb-447c-4490-9135-dd154d01209f">
		<logger level="INFO" doc:name="Log Entry"
			doc:id="366d8451-9e99-4bcd-a679-440c4030e2c9"
			message="About to get Environment Id" />
		<flow-ref doc:name="get-envs-subFlow"
			doc:id="d1ee7e8b-ceba-446c-b494-bd285116a2e2" name="get-envs-subFlow" />
		<ee:transform doc:name="FilterEnvironments"
			doc:id="ffef6f38-8271-4062-b0fe-a761fe2029c1">
			<ee:message>
				<ee:set-payload><![CDATA[%dw 2.0
output application/json
---
payload.data[?(trim (vars.userInput.environment default "") ~= $.name)][0] default {
}]]></ee:set-payload>
			</ee:message>
		</ee:transform>
		<logger level="INFO" doc:name="Log Exit"
			doc:id="4ce90cc1-2893-4dd7-8961-0d516eb093a3"
			message="Environment Id Obtained" />
	</sub-flow>
	<sub-flow name="apps_subFlow"
		doc:id="b155f090-744c-404c-861d-4625c010e143">
		<logger level="INFO" doc:name="Log Entry"
			doc:id="3cf2e858-58cd-49ca-88c8-2ef913feea5d"
			message="About to get applications" />
		<flow-ref doc:name="get-applications-subFlow"
			doc:id="8ae33c71-2dfa-4d8f-8390-7dde8d16e0b9"
			name="get-applications-subFlow" />
		<ee:transform doc:name="FilterApps"
			doc:id="39ee1afc-4980-4bdc-a6dd-8de9dcd3700b">
			<ee:message>
				<ee:set-payload><![CDATA[%dw 2.0
output application/json
input payload application/json

var targetVersion = vars.targetVersion
---

do{
	
	var appsData = payload default [] map((appRecord,appRecordsIndex) -> {
	appName: appRecord.domain,
	status: appRecord.status,
	fileName: appRecord.fileName,
	((using(workerInfo = appRecord.workers,workerType = workerInfo.'type'){
		noOfWorkers: workerInfo.amount,
		workerType: workerType.name,
		cores: workerType.cpu,
		muleVersion: appRecord.muleVersion.version,
		updateId: appRecord.muleVersion.updateId,
		(prevMuleVersion: appRecord.previousMuleVersion.version) if appRecord.previousMuleVersion.version?,
		(prevUpdateId: appRecord.previousMuleVersion.updateId) if appRecord.previousMuleVersion.version?
	}) default {
	})
})
---
//(
	(appsData[?($.muleVersion != targetVersion)])
//	[?(if( not isEmpty(Mule::p('app.include-apps')))
//		Mule::p('app.include-apps') contains $.appName
//	else true)]
//) default []
	
	
}
]]></ee:set-payload>
			</ee:message>
		</ee:transform>
		<logger level="INFO" doc:name="Log Exit"
			doc:id="04184133-08ec-4e91-9833-ab8cccd399bb"
			message='#["Retrieved applications where muleVersion !=  $(vars.targetVersion)"]' />
	</sub-flow>
	<sub-flow name="bulkUpdate_subFlow"
		doc:id="2b6f9bde-d990-442b-8f64-466dc3b88c3e">
		<logger level="INFO" doc:name="Log Entry"
			doc:id="318e96af-da7d-4555-9978-5f0593316183"
			message="#[&quot;Update muleVersions for applications $(payload.appName default [] joinBy(',')) to $(Mule::p('app.targetVersion'))&quot;]" />
		<set-variable value="#[[]]" doc:name="deploymentStatus"
			doc:id="e24e1141-dc7b-424f-9bbf-e216bf03d1eb"
			variableName="deploymentStatus" />
		<foreach doc:name="For Each App"
			doc:id="1065c535-3b64-400d-9700-881557e58ff8">
			<flow-ref doc:name="update-App-SubFlow"
				doc:id="bdf6622a-532c-4316-a4f3-769a069e3e66"
				name="update-App-SubFlow" />
		</foreach>
		<logger level="INFO" doc:name="Log Exit"
			doc:id="d976663a-8614-4806-b46d-d5394ae54f99"
			message='#["Initiated update for required Apps"]' />
	</sub-flow>
	<sub-flow name="bulkUpdate_parallel-subFlow"
		doc:id="2ed51b1a-9f28-41be-a9e9-ab57902d45cc">
		<logger level="INFO" doc:name="Log Entry"
			doc:id="da8f8bc3-357e-4359-9357-493947f8c848"
			message="#[output application/java --- &quot;Parallel -- Update muleVersions for applications $(payload.data.appName default [] joinBy(',')) to $(vars.targetVersion)&quot;]" />
		<parallel-foreach collection="#[payload.data]"
			maxConcurrency="1" doc:name="Parallel Update">
			<flow-ref name="update-App-SubFlow"
				doc:name="update-App-SubFlow" />
		</parallel-foreach>

		<ee:transform doc:name="Transform Message"
			doc:id="6aad7e91-99bb-46ae-9f96-0128edd58734">
			<ee:message>
				<ee:set-payload><![CDATA[%dw 2.0
output application/json
var aggregatedPayload = payload.payload
---
{
	txId: vars.txId,
	payload: (aggregatedPayload[?(not $.error?)] map((app,index) -> app ++ {
		statusObtained: false
	}))
}
]]></ee:set-payload>
			</ee:message>
			<ee:variables>
			</ee:variables>
		</ee:transform>
		<vm:publish queueName="appQueue" doc:name="Publish appQueue"
			doc:id="38d6eb94-acb2-4d19-915e-d342b0e2a0c4" config-ref="VM_Config" />
		<logger level="INFO" doc:name="Log Exit"
			doc:id="55247dd5-644f-4bee-8204-fc1dab5c965e"
			message='#["Initiated update for required Apps"]' />
	</sub-flow>
</mule>
