<?xml version="1.0" encoding="UTF-8"?>

<mule xmlns:ee="http://www.mulesoft.org/schema/mule/ee/core" xmlns="http://www.mulesoft.org/schema/mule/core"
	xmlns:doc="http://www.mulesoft.org/schema/mule/documentation"
	xmlns:xsi="http://www.w3.org/2001/XMLSchema-instance" xsi:schemaLocation="http://www.mulesoft.org/schema/mule/core http://www.mulesoft.org/schema/mule/core/current/mule.xsd
http://www.mulesoft.org/schema/mule/ee/core http://www.mulesoft.org/schema/mule/ee/core/current/mule-ee.xsd">
	<sub-flow name="prepare-propertySub_Flow" doc:id="c443588c-f3c8-4dbd-b7e9-174f312a903b" >
		<ee:transform doc:name="Transform Message" doc:id="6fadd6b3-bcab-48f5-836e-93a9a93e5d81" >
			<ee:message >
				<ee:set-payload ><![CDATA[%dw 2.0
output text/java 
var dependencies = readUrl("classpath://AppByRepository.csv","application/csv") [?(not isEmpty($.AppNameInBuild))]

var disticntDeps = ((dependencies.dependencies map read($,"application/json") reduce((item,acc={}) -> acc ++ item)).*dependency)  distinctBy $.artifactId map((dep,index)-> dep)
---
dependencies groupBy $."DeployedName" mapObject((app,key) -> using(appData = app[0]){
	
	(key):(appData.&AppNameInBuild) ++ (appData.&RepoName) ++ (appData.&RepoUrl)
})]]></ee:set-payload>
			</ee:message>
		</ee:transform>
	</sub-flow>
</mule>
