<?xml version="1.0" encoding="UTF-8"?>

<mule xmlns:tls="http://www.mulesoft.org/schema/mule/tls"
	xmlns:ee="http://www.mulesoft.org/schema/mule/ee/core" xmlns:http="http://www.mulesoft.org/schema/mule/http"
	xmlns="http://www.mulesoft.org/schema/mule/core"
	xmlns:doc="http://www.mulesoft.org/schema/mule/documentation" xmlns:xsi="http://www.w3.org/2001/XMLSchema-instance" xsi:schemaLocation="
http://www.mulesoft.org/schema/mule/tls http://www.mulesoft.org/schema/mule/tls/current/mule-tls.xsd http://www.mulesoft.org/schema/mule/core http://www.mulesoft.org/schema/mule/core/current/mule.xsd
http://www.mulesoft.org/schema/mule/http http://www.mulesoft.org/schema/mule/http/current/mule-http.xsd
http://www.mulesoft.org/schema/mule/ee/core http://www.mulesoft.org/schema/mule/ee/core/current/mule-ee.xsd">
	<global-property doc:name="Global Property" doc:id="edbee26c-981e-4513-8846-e753cbefd031" name="secureKey" value="1234567887654321" />
	<http:request-config name="TFSGIT" doc:name="HTTP Request configuration" doc:id="feddf21f-c667-446f-a17b-1043c182de5f" basePath="/api/v3/repos/EAS-Channel-Access-Services/">
		<http:request-connection protocol="HTTPS" host="github.tfs.toyota.com">
			<tls:context >
				<tls:trust-store insecure="true" />
			</tls:context>
		</http:request-connection>
		<http:default-headers >
			<http:default-header key='#["Authorization"]' value="#[&quot;Bearer&quot; ++ &quot; &quot; ++ Mule::p('git.token')]" />
		</http:default-headers>
	</http:request-config>
	<flow name="Read_GIT_PROPERTIESFlow" doc:id="1b5306f1-f8b6-488a-969f-fc2b6fafdea2" >
		<http:listener doc:name="Listener" doc:id="a57e9505-ec8f-4c3f-9cfa-254b518c9cbd" config-ref="HTTP_Listener_config" path="/repodetails"/>
		<http:request method="GET" doc:name="Get Build Properties" doc:id="a327af94-659f-4ff8-814e-76d017a370fa" config-ref="TFSGIT" url='#[payload.repoUrl ++ "/contents/build.properties"]' target="buildContent">
		<http:headers>#[attributes.headers]</http:headers>
					<http:query-params><![CDATA[#[output application/java
---
{
	ref: payload.latestBranch
}]]]></http:query-params>
				</http:request>
				
				<ee:transform doc:name="Transform Message" doc:id="8046d07c-869d-49a9-a7ec-8399dc7840c1" >
			<ee:message >
			</ee:message>
			<ee:variables >
				<ee:set-variable variableName="buildprop" ><![CDATA[%dw 2.0
import * from dw::core::Binaries
output application/json
---
fromBase64(payload.content)]]></ee:set-variable>
			</ee:variables>
		</ee:transform>
		<http:request method="GET" doc:name="Get outbound" doc:id="6594f524-1628-4884-bf56-da3faf399ebf" config-ref="TFSGIT" url='#[payload.repoUrl ++ "/contents/src/main/mule/outbound-config.xml"]' target="outbound-config">
				<http:headers>#[attributes.headers]</http:headers>		
				<http:query-params><![CDATA[#[output application/java
---
{
	ref: vars.branchInfo.latestBranch
}]]]></http:query-params>
				</http:request>
		<ee:transform doc:name="Transform Message" doc:id="d4c7b377-12c5-458f-8437-f85f56e522ac" >
			<ee:message >
			</ee:message>
			<ee:variables >
				<ee:set-variable variableName="outbound" ><![CDATA[%dw 2.0
import * from dw::core::Binaries
output application/json
---
fromBase64(payload.content)]]></ee:set-variable>
			</ee:variables>
		</ee:transform>
		<ee:transform doc:name="Transform Message" doc:id="4aa1527c-ac3f-48f7-bc7a-6cf01b68f79e" >
			<ee:message >
			</ee:message>
			<ee:variables >
				<ee:set-variable variableName="outboundxml" ><![CDATA[%dw 2.0
output application/xml
---
vars.outbound]]></ee:set-variable>
			</ee:variables>
		</ee:transform>
		<ee:transform doc:name="Transform Message" doc:id="8ea2be6a-785f-4714-9af9-d3fdf8c04972" >
			<ee:message >
				<ee:set-payload ><![CDATA[%dw 2.0
output application/json
ns ns0 http://www.mulesoft.org/schema/mule/http
---
{
			"authtype": payload.ns0#"request-config".ns0#"request-connection".ns0#authentication."text()" default ""
		
}]]></ee:set-payload>
			</ee:message>
		</ee:transform>
	</flow>
</mule>
