<?xml version="1.0" encoding="UTF-8"?>

<mule xmlns:os="http://www.mulesoft.org/schema/mule/os" xmlns:vm="http://www.mulesoft.org/schema/mule/vm"
	xmlns:ee="http://www.mulesoft.org/schema/mule/ee/core"
	xmlns:http="http://www.mulesoft.org/schema/mule/http" xmlns="http://www.mulesoft.org/schema/mule/core" xmlns:doc="http://www.mulesoft.org/schema/mule/documentation" xmlns:xsi="http://www.w3.org/2001/XMLSchema-instance" xsi:schemaLocation="http://www.mulesoft.org/schema/mule/core http://www.mulesoft.org/schema/mule/core/current/mule.xsd
http://www.mulesoft.org/schema/mule/http http://www.mulesoft.org/schema/mule/http/current/mule-http.xsd
http://www.mulesoft.org/schema/mule/ee/core http://www.mulesoft.org/schema/mule/ee/core/current/mule-ee.xsd
http://www.mulesoft.org/schema/mule/vm http://www.mulesoft.org/schema/mule/vm/current/mule-vm.xsd
http://www.mulesoft.org/schema/mule/os http://www.mulesoft.org/schema/mule/os/current/mule-os.xsd">
	<sub-flow name="create-new-branch-subFlow" doc:id="43e1beb8-d2b4-4ee1-8295-13836a1870fd" >
		<try doc:name="Try" doc:id="b3de391e-a1ad-44af-b8fa-c0c426de20dc">
						<http:request method="POST" doc:name="Create Branch" doc:id="4eb35ff1-0f54-4175-9158-5dd5c216c5ba" config-ref="gitHttpRequestConfig" path='#["/"++ Mule::p("git.branch-url-path")]'>
			<http:body><![CDATA[#[output application/json
---
{
  "ref": "refs/heads/" ++ vars.targetBranch,
  "sha": payload.sha
}]]]></http:body>
			<http:uri-params><![CDATA[#[output application/java
---
{
	owner: Mule::p('git.owner'),
	repo: vars.appDetails.RepoName
}]]]></http:uri-params>
		</http:request>
						<logger level="INFO" doc:name="Logger" doc:id="03767a49-c569-4f93-b1f1-789a30a2306b" message='#[output application/java ---  "branch  $( vars.targetBranch ) created for App : $(vars.appDetails.appName) , Repo : $(vars.appDetails.RepoName)"]' />
						<error-handler>
							<on-error-continue enableNotifications="false" logException="false" doc:name="On Error Continue" doc:id="403e0ae5-c328-40cd-9ea7-a676ecbd9e2e" type="HTTP:NOT_FOUND">
								<logger level="INFO" doc:name="Logger" doc:id="2b0570a8-86ce-45ad-905d-69ad57726215" message='#[output application/java 
---
"Unable to create branch  $(vars.targetBranch)   for App : $(vars.appDetails.appName) , Repo : $(vars.appDetails.RepoName)"]' />
								<set-payload value='#[output application/json --- {
	
	error: "Could not create branch , permission issue"
}]' doc:name="Set error Payload" doc:id="6bbf0c15-9aed-41f5-a670-c349d88834ee" />
							</on-error-continue>
						</error-handler>
					</try>
	</sub-flow>
	<sub-flow name="perform-branching-subFlow" doc:id="f963d9c4-2c64-45cb-a120-9c797d8ea32b" >
		<set-variable value="#[vars.promoteBranch default Mule::p('git.new-branch')]" doc:name="Set targetBranch" doc:id="13f72613-b8b6-46a7-ae25-26bcfab0cc76" variableName="targetBranch"/>
		<flow-ref doc:name="get-repoBranch_subFlow" doc:id="d95f069f-d785-436b-ad8a-4dacde94a6f8" name="get-repoBranch_subFlow" />
		<choice doc:name="Branch Exists?" doc:id="da764872-8a1f-4e94-901d-f0530dbf7f9d" >
			<when expression="#[not isEmpty(payload)]" >
				<logger level="INFO" doc:name="Log Branch Found" doc:id="224a4794-1416-467c-8340-4f291b9a70a8" message='#["$(vars.appDetails.appName) with Repo $(vars.appDetails.RepoName) has branch $(vars.appDetails.Branch) , Create a new branch "]' />
				<flow-ref doc:name="create-repoBranch-subFlow" doc:id="62794219-d1a3-46a8-93c0-130dcaf224c1" name="create-repoBranch-subFlow" />
			</when>
			<otherwise >
				<logger level="ERROR" doc:name="Logger" doc:id="92d6d8c9-5a73-41ff-881b-f769978a4b02" message='#["$(vars.appDetails.appName) with Repo $(vars.appDetails.RepoName) Does not have branch $(vars.appDetails.Branch)"]' />
			</otherwise>
		</choice>
	</sub-flow>
	<sub-flow name="get-repoContentUrl-subFlow" doc:id="b5a278d7-7ffc-46c3-a1a4-769922c0c859" >
		<logger level="INFO" doc:name="Log Entry" doc:id="8fd98e5c-a907-4ab9-9210-5014afdeb3fa" message="About to get Repository"/>
		<http:request method="GET" doc:name="getRepoContents" doc:id="2bb4b5f4-3f35-4b07-8042-dfe58bd2c99a" config-ref="gitHttpRequestConfig" path="/${git.content-url}">
			<http:uri-params ><![CDATA[#[output application/java
---
{
	owner: Mule::p('git.owner'),
	repo: payload.repoName
	
}]]]></http:uri-params>
		</http:request>
		<ee:transform doc:name="filterRepos" doc:id="ac838cd5-fc2f-4e89-9e71-bf3a2828dda9" >
			<ee:message >
				<ee:set-payload ><![CDATA[%dw 2.0
output application/json
import * from dw::core::Strings
var fileFilter = Mule::p('git.file-filter')
---
 (payload[?(fileFilter contains $.name)] default [] map((file,index)->{

    fileName : file.name,
   
    path: file.path,
    contentUrl: substringBeforeLast(file.url,'?')
})) 
]]></ee:set-payload>
			</ee:message>
		</ee:transform>
		<logger level="INFO" doc:name="Log Exit" doc:id="d1a7467b-0416-472a-bf96-e119d8fc1a03" message="Exit , Repository and file paths obtained"/>
	</sub-flow>
	<sub-flow name="bulk-repoUpdate_subFlow" doc:id="3292f59c-aada-40af-95d4-dcacd9bff3fb" >
		<logger level="INFO" doc:name="Log Entry" doc:id="7db8be8c-9145-4066-9c78-cced98da8dff" message='#["About to perform bulk update"]'/>
		<foreach doc:name="For Each" doc:id="9584bfb6-9ae5-4fab-9633-fa6996d75db6" collection="#[vars.deploymentStatus]">
			<logger level="INFO" doc:name="Logger" doc:id="d6e9961a-016f-4aaf-bdb4-af5e7eeba386" message='#["Update repository Contents for App: $(payload.appName) and 
Repo : $(payload.repoName) , Did App runtime get updated? $(not (payload.deloymentError?))"]'/>
			<choice doc:name="Check Deployed Applications" doc:id="aa8ca167-cf7b-4f06-ae95-4ed9e54fb728" >
				<when expression="#[not (payload.deloymentError?)]">
					<logger level="INFO" doc:name="Log Update Repo" doc:id="db7016d7-22a6-43ba-951c-c687f2653ead" message='#[output application/java ---

payload.appName ++ " is Deployed . About to update Repo $(payload.repoName)"]'/>
					<flow-ref doc:name="get-repoContentUrl-subFlow" doc:id="ba2610ba-9690-4776-8c9e-16138d1016c9" name="get-repoContentUrl-subFlow"/>
					<flow-ref doc:name="update-repoContents-subFlow" doc:id="22bb8ef2-50e8-4b02-a414-5ccd4165d794" name="update-repoContents-subFlow"/>
				</when>
			</choice>
		</foreach>
	</sub-flow>
	<sub-flow name="update-repoContents-subFlow" doc:id="1157e43d-0867-4148-9942-dfcd62b3fccf" >
		<logger level="INFO" doc:name="Log Entry" doc:id="37aecb44-f6d6-42e9-84e9-87e4d2640e8e" message='#["About to retrieve file contents for App : $(vars.appDetails.appName) , Repo : $(vars.appDetails.RepoName) , Branch : $(payload.ref)"]'/>
		<set-variable value="#[output application/java ---

Mule::p('git.file-filter') splitBy &quot;,&quot;]" doc:name="Set File Filter" doc:id="5b7f8b21-4383-4757-a30b-3559233c1ded" variableName="filesToInclude"/>
		<logger level="DEBUG" doc:name="Logger" doc:id="3984a596-e06d-49af-ba58-06d73d802c41" message="#[payload]"/>
		<foreach doc:name="For Each Filtered File" doc:id="5bcc438a-b2be-46ae-b67c-5abce5d2b7e1" collection="#[vars.filesToInclude]">
			<logger level="INFO" doc:name="Log file content Entry" doc:id="2dc5e531-16c7-4dc4-94a1-045677cf5d02" message='#["get file content for $(payload)  from branch $(vars.rootMessage.payload.ref)"]'/>
			<set-variable value="#[payload]" doc:name="Set fileName" doc:id="36b00b53-ec71-479b-898c-498b468cbf13" variableName="fileName"/>
			<try doc:name="Try" doc:id="3e393c6e-3c3e-4a09-8d5e-959c2a7f7ee0" >
				<http:request method="GET" doc:name="getFileContent" doc:id="caaf0de7-7b1e-40c1-83b7-6ec528f17c4f" config-ref="gitHttpRequestConfig" path="#[&quot;/&quot; ++ Mule::p('git.content-url-path')]">
				<http:uri-params><![CDATA[#[output application/java
---
{
	owner: Mule::p("git.owner"),
	repo: vars.appDetails.RepoName,
	path: vars.fileName
	
}]]]></http:uri-params>
				<http:query-params><![CDATA[#[output application/java
---
{
	"ref" : vars.branch
}]]]></http:query-params>
			</http:request>
				<choice doc:name="fileType" doc:id="e5e10dd8-f93b-4988-a2cd-4b859c153dd0">
				<when expression='#[vars.fileName contains  ".json"]'>
					<ee:transform doc:name="SetVersion" doc:id="1946a96a-8d05-4d94-beb5-fef432f76816">
						<ee:message>
							<ee:set-payload><![CDATA[%dw 2.0
output application/json
import * from dw::core::Binaries
import mergeWith from dw::core::Objects

var targetVersion = vars.targetVersion
---
do {
	var updatedContents =  read(fromBase64(payload.content),"application/json") mergeWith ({
	minMuleVersion: targetVersion
})
---
{
	content : toBase64(write(updatedContents,"application/json")),
	sha: payload.sha,
	
}
}
]]></ee:set-payload>
						</ee:message>
					</ee:transform>
				</when>
				<when expression='#[vars.fileName ~= "pom.xml"]'>
						<ee:transform doc:name="setVersion" doc:id="50075f61-e3ff-4b47-bbfd-9de2667871fc">
						<ee:message>
							<ee:set-payload><![CDATA[%dw 2.0
output application/json
import * from dw::core::Binaries

var dependencies= readUrl("classpath://pom-dependency-properties.yaml","application/yaml")

var targetVersion = vars.targetVersion

var version = (artifactId :String ,origValue :String) -> dependencies."$artifactId" default origValue

var finalPayload = do {
	
	var updatedContent = read(fromBase64(payload.content),"application/xml")  update {
        case dependency at .project.dependencies.*dependency ->  dependency mapObject((val,key) -> {

            (key):if(("$key") ~= "version") version(dependency.artifactId,val) else val
        })

        case appRuntime at .project.properties."app.runtime"! -> targetVersion
}
	
	---
	{
	 content : toBase64(write(updatedContent,"application/xml")),
	 sha: payload.sha
	}
}

fun updateDependencies (pomData :Object) = pomData



var declaredDependencies = dependencies pluck $$
---
finalPayload

]]></ee:set-payload>
						</ee:message>
					</ee:transform>
					</when>
					<when expression='#[vars.fileName ~= "build.properties"]'>
						<set-variable value='#[output application/java
import * from dw::core::Binaries
---
(read(fromBase64(payload.content),"text/x-java-properties")."deploy.app.branch")]' doc:name="Set branchToUpdate In Jenkins" doc:id="bd126db9-067b-4616-8b92-227ca5e204da" variableName="branchToUpdate"/>
						<ee:transform doc:name="Transform Message" doc:id="5fcb44f0-3474-4b05-a4b3-db3b5dd02bcc" >
							<ee:message >
								<ee:set-payload ><![CDATA[%dw 2.0
output application/json
import * from dw::core::Binaries
---
do {
	var updatedContents =  (read(fromBase64(payload.content),"text/x-java-properties"))  - 'deploy.app.runtime'
---
{
	content : toBase64(write(updatedContents,"text/x-java-properties")),
	sha: payload.sha,
	
}
}
]]></ee:set-payload>
							</ee:message>
						</ee:transform>
					</when>
					<otherwise>
						<set-variable value="#[output java --- vars.appDetails.RepoUrl]" doc:name="Set repoUrl" doc:id="56fb7658-b565-4b48-88ff-78002f2055b9" variableName="repoUrl"/>
						<parse-template doc:name="Use Jenkins Template" doc:id="bb59fd50-862a-4720-b1d7-ec0900477327" location="jenkins\Jenkinsfile" outputMimeType="text/plain" outputEncoding='UTF-8' target="updatedJenkins" targetValue="#[payload]" />
						<ee:transform doc:name="Transform Message" doc:id="7968a9db-f13d-4ad4-9462-25b1b3edbec0" >
							<ee:message >
								<ee:set-payload ><![CDATA[%dw 2.0
output application/json
import * from dw::core::Binaries
---
{
	content : toBase64(write(vars.updatedJenkins,"text/plain")),
	sha: payload.sha,
	
}]]></ee:set-payload>
							</ee:message>
						</ee:transform>
				</otherwise>
			</choice>
				<ee:transform doc:name="SetUpdateResponse" doc:id="245d1a8b-1f0d-42ba-80d2-616358e7dc0b">
				<ee:message>
					<ee:set-payload><![CDATA[%dw 2.0
output application/json
---
{
  "message": "Version Update to $(vars.targetVersion)",
  "committer": {
    "name": "srv_easc_app",
    "email": "srv-easc-app@users.noreply.github.tfs.toyota.com"
  },
  branch: vars.branch
  
  }  ++ payload]]></ee:set-payload>
				</ee:message>
			</ee:transform>
				<http:request method="PUT" doc:name="commit File" doc:id="7fc4e128-983b-40ad-a963-2b6a2ae625a8" config-ref="gitHttpRequestConfig" path="#[&quot;/&quot; ++ Mule::p('git.content-url-path')]">
				<http:uri-params><![CDATA[#[output application/java
---
{
	owner: Mule::p("git.owner"),
	repo: vars.appDetails.RepoName,
	path: vars.fileName
	
}]]]></http:uri-params>
			</http:request>
				<logger level="INFO" doc:name="Logger" doc:id="0796553a-f600-4c8b-8452-bda1fc199af0" message='#["Commit Complete"]' />
				<error-handler >
					<on-error-continue enableNotifications="false" logException="false" doc:name="On Error Continue" doc:id="c2fadf56-1624-4cae-9e01-200dfec36ac5" type="HTTP:NOT_FOUND">
						<logger level="ERROR" doc:name="Log File not found" doc:id="20d48706-9755-404e-ba95-40ee86a47a30" message='#[output application/java
---

"$(vars.fileName) not found in repository for App : $(vars.appDetails.appName) , Repo : $(vars.appDetails.RepoName) , Branch : $(vars.branch) , nothing to commit "]'/>
					</on-error-continue>
				</error-handler>
			</try>
		</foreach>
		<logger level="INFO" doc:name="Log Exit" doc:id="91f5fec7-48bf-4dba-acf0-471e989b10b1" message='#[output application/java
---

"Repository update process complete for App : $(vars.appDetails.appName) , Repo : $(vars.appDetails.RepoName) , Branch : $(vars.branch)"]'/>
	</sub-flow>
	<sub-flow name="list-repositories-subFlow" doc:id="a0c4eb69-a8b5-4789-a95c-ed2eb33c62f8" >
		<logger level="INFO" doc:name="Log Entry" doc:id="f4699683-b90d-42f5-8844-13be72a369c9" message="List all repositories"/>
		<http:request method="GET" doc:name="Request" doc:id="8e555d76-4e03-447f-a000-fb52acaf76cf" config-ref="tfsGitHttpRequestConfig" path="/${git.all-repositories}">
			<http:uri-params ><![CDATA[#[output application/java
---
{
	"owner" : Mule::p("git.tfs.owner")
}]]]></http:uri-params>
		</http:request>
		<logger level="INFO" doc:name="Logger" doc:id="d94a8e16-43c0-4b70-8d81-4de17fc04ea9" message="#[log(attributes.headers.Link)]"/>
	</sub-flow>
	<sub-flow name="initiate-repoUpdate-subFlow" doc:id="72ca5c5e-685c-4ecc-8283-abf0de6f0db7" >
		<logger level="INFO" doc:name="Log Entry" doc:id="db9858e3-8665-452a-b000-ce70c7dcf8c3" message='Repo updated to be performed for Apps : #[payload.appName]'/>
		<choice doc:name="App Update Success?" doc:id="ff2c01cc-728d-4d42-a220-e169961c9c6b" >
			<when expression="#[not isEmpty(payload)]">
				<foreach doc:name="For Each Deployed App" doc:id="3c8c83b1-9d58-46a9-ab68-bc2a00fd6cee" >
					<set-variable value='#[output application/json ---

payload]' doc:name="Set appDetails" doc:id="dd0e237d-1c42-4a9d-800f-0bf27ccd0d56" variableName="appDetails" />
					<flow-ref doc:name="perform-branching-subFlow" doc:id="435d4e81-4a9c-401f-8f44-dc42ee711aed" name="perform-branching-subFlow" />
					<choice doc:name="Branch Creation Successfull?" doc:id="ec1bfdca-8001-4af8-875f-381661a2c570" >
						<when expression="#[not payload.error?]">
							<set-variable value='#[output application/java
import * from dw::core::Strings
---
substringAfterLast(payload.ref,"/")]' doc:name="Set BranchName" doc:id="60278a73-b555-4f07-a1fc-b5e6a2101e6f" variableName="branch" />
							<flow-ref doc:name="update-repoContents-subFlow" doc:id="6f7dbd6b-e74a-4650-915a-3c90e5737bcd" name="update-repoContents-subFlow" />
							<http:request method="POST" doc:name="Create Pull Request" doc:id="c0f9102a-8bfb-4be3-a525-1e4e8a09a3fe" config-ref="gitHttpRequestConfig" url='#[vars.appDetails.RepoUrl ++ "/pulls"]' target="pullRequestUrl" targetValue="#[payload.url]">
								<http:body ><![CDATA[#[output application/json
---
{
  "title": "Version update to $(vars.targetVersion) ",
  "body": "Please check changes related to Version upgrade",
  "head": vars.branch,
  "base": "master"
}]]]></http:body>
							</http:request>
							<http:request method="POST" doc:name="Add Reviewer to Pull Request" doc:id="2645484f-a41f-4d60-891f-8af56343bfe9" config-ref="gitHttpRequestConfig" url='#[vars.pullRequestUrl ++ "/requested_reviewers"]' target="reviewerResponse">
								<http:body ><![CDATA[#[output application/json
---
{
  "reviewers": [
    "saulsb","chanemr1"
   
  ],
  "team_reviewers": [
    "saulsb","chanemr1"
  ]
}]]]></http:body>
							</http:request>
							<ee:transform doc:name="CaptureAppStatus" doc:id="00773194-20b8-406b-8b82-bf11edafb061">
						<ee:message>
						</ee:message>
						<ee:variables>
									<ee:set-variable variableName="updateRepoResponse" ><![CDATA[%dw 2.0
output application/json
---
(vars.updateRepoResponse default []) << (
	
	((vars.appDetails default {}) - "branch") 
	++ 
	(branch: payload.ref) if (payload.ref?)
    ++ 
    {"pull-url": vars.pullRequestUrl}
)]]></ee:set-variable>
						</ee:variables>
					</ee:transform>
						</when>
						<otherwise >
							<ee:transform doc:name="Transform Message" doc:id="9e1d3775-8c6a-4f85-8fc4-df59860e48e4" >
								<ee:message >
								</ee:message>
								<ee:variables >
									<ee:set-variable variableName="updateRepoResponse" ><![CDATA[%dw 2.0
output application/json
---
(vars.updateRepoResponse default []) << (((vars.appDetails default {}) - "branch") ++ payload )]]></ee:set-variable>
								</ee:variables>
							</ee:transform>
						</otherwise>
					</choice>
				</foreach>
				<os:retrieve doc:name="Retrieve Deployment Status" doc:id="780883b0-6ded-42da-8bb9-95ebb9f134dc" key="#[Mule::p('status-key') ++ vars.txId]" objectStore="tokenObjectStore" target="existingStatus"/>
				<ee:transform doc:name="setFinalStatus" doc:id="af3924dd-2314-40cd-906f-7276bf18df3f">
			<ee:message>
				<ee:set-payload><![CDATA[%dw 2.0
output application/json
var includeKeys = ["appName","error","deploymentStatus","branch","pull-url"]
var status = vars.complete default false
---
{
	"status": if(status) "Completed"  else "In Progress",
	data: (vars.existingStatus.data default {
	}) ++ 
	(("commiStatus-" ++ vars.groupIndex): vars.updateRepoResponse map((item,index) -> item filterObject ((value, key, index) -> includeKeys contains "$key")))
}]]></ee:set-payload>
			</ee:message>
		</ee:transform>
			</when>
			<otherwise >
				<logger level="ERROR" doc:name="Log Error" doc:id="9c14f22f-55b4-4c70-a279-8115cfd3376a" message='#["No apps were deployed successfully"]'/>
				<ee:transform doc:name="Transform Message" doc:id="1ed65bc3-71b1-4c5f-affc-0144a5f54e4d" >
					<ee:message >
						<ee:set-payload ><![CDATA[%dw 2.0
output application/json
---
{
	
	"status" :  "Completed . No updates peformed on repository as all deployments failed" 	
}]]></ee:set-payload>
					</ee:message>
				</ee:transform>
			</otherwise>
		</choice>
		<os:store doc:name="Store final Status" doc:id="315ccb32-a82e-4549-864b-9c1309ea5017" key="#[Mule::p('status-key') ++ vars.txId]" objectStore="tokenObjectStore"/>
	</sub-flow>
	<sub-flow name="get-repoBranch_subFlow" doc:id="376756f1-afd7-4020-9ab6-182f94e32a7c" >
		<logger level="INFO" doc:name="Log Entry" doc:id="1f084251-0918-4809-b6a3-ad518d6e58a3" message='#["Get Branches from Repo for app : $(payload.appName) &amp; repository : $(payload.RepoName)"]'/>
		<http:request method="GET" doc:name="Get Branches" doc:id="4597569a-164a-4e69-be36-99997aaa79f5" config-ref="gitHttpRequestConfig" path='#["/"++ Mule::p("git.branch-url-path")]'>
			<http:uri-params ><![CDATA[#[output application/java ---

{
	owner: Mule::p("git.owner"),
	repo : payload.RepoName
}]]]></http:uri-params>
		</http:request>
		<ee:transform doc:name="BrachLookup" doc:id="33b80c06-2225-40d7-8116-976b0237d505" >
			<ee:message >
				<ee:set-payload ><![CDATA[%dw 2.0
output application/json
// Now Base branch is pulled by last closed pulled request ( Merged One))
var baseBranch = "refs/heads/"++ vars.appDetails.Branch // Mule::p('git.base-branch-ref')
---
using ( ref = payload[?($.ref ~= baseBranch)][0] ) if ( not isEmpty(ref) ) {
	ref: ref.ref,
	sha: ref.object.sha,
	refUrl: ref.url
} else {
}]]></ee:set-payload>
			</ee:message>
		</ee:transform>
		<logger level="INFO" doc:name="Logger" doc:id="a279a534-6f25-42e5-ae18-a117f1bd6ebd" message="#[payload]"/>
		<logger level="INFO" doc:name="Log Exit" doc:id="75cb1ce0-4e60-463a-8d1f-88fdab71f61c" message='#["Log Exit , Determined Branch "]'/>
	</sub-flow>
	<sub-flow name="create-repoBranch-subFlow" doc:id="0022d4f1-08c2-4622-9311-935256138493" >
		<logger level="INFO" doc:name="Log Entry" doc:id="225b1e73-1d43-4b5d-b85b-c1c0c0234cb4" message='#[output application/java --- "create branch : $(vars.targetBranch) for App : $(vars.appDetails.appName) , Repo : $(vars.appDetails.RepoName)"]'/>
		<try doc:name="Try" doc:id="27bd9f88-22c9-4372-8177-f4c9a6ed0101" >
			<http:request method="GET" doc:name="Check Whether New Branch Exists?" doc:id="bf442721-7287-415b-b7d1-69a6d896c13f" config-ref="gitHttpRequestConfig" path='#["/"++ Mule::p("git.branch-url-path")++"/heads/"++ (vars.targetBranch)]' target="branchCheck">
			<http:uri-params><![CDATA[#[output application/java
---
{
	owner: Mule::p('git.owner'),
	repo: vars.appDetails.RepoName
}]]]></http:uri-params>
		</http:request>
			<http:request method="DELETE" doc:name="Delete New Branch" doc:id="f8d99b3e-6b16-43e9-b8fb-d0db7cffd8a1" config-ref="gitHttpRequestConfig" path='#["/"++ Mule::p("git.branch-url-path")++"/heads/"++ (vars.targetBranch)]' target="branchDelete">
				<http:uri-params><![CDATA[#[output application/java
---
{
	owner: Mule::p('git.owner'),
	repo: vars.appDetails.RepoName
}]]]></http:uri-params>
			</http:request>
			<flow-ref doc:name="create-new-branch-subFlow" doc:id="71d57e2e-29e1-4ae9-b138-cf6769da44ae" name="create-new-branch-subFlow"/>
			<logger level="INFO" doc:name="Log Branch Already Exists" doc:id="ae459a66-8773-4aa9-b144-3bc9ca22aced" message='#[output application/java ---  "Branch $(vars.targetBranch) already exists for App : $(vars.appDetails.appName) , Repo : $(vars.appDetails.RepoName)"]' />
			<error-handler >
				<on-error-continue enableNotifications="false" logException="false" doc:name="On Error Continue" doc:id="2b44996a-acb1-416d-b959-68d49eeee904" type="HTTP:NOT_FOUND">
					<logger level="INFO" doc:name="Log No Branch Exists" doc:id="86648e9d-7519-408d-ab3d-6217ca77f915" message='#[output application/java ---  "No branch with name  $(vars.targetBranch) exists for  for App : $(vars.appDetails.appName) , Repo : $(vars.appDetails.RepoName), Create one"]'/>
					<flow-ref doc:name="create-new-branch-subFlow" doc:id="23918ab0-3cbc-45c1-b5ba-1e21ad8c5ad0" name="create-new-branch-subFlow" />
				</on-error-continue>
			</error-handler>
		</try>
		<logger level="DEBUG" doc:name="Logger" doc:id="97120162-86b3-4bfb-bb81-4a49db15bf7c" message="#[payload]"/>
		<logger level="INFO" doc:name="Log Exit" doc:id="cc7e73f3-622b-431e-8e32-d5dcf253bc7a" message='#["Exit create Repo Branch"]'/>
	</sub-flow>
	<sub-flow name="repo-check-subFlow" doc:id="9d12af8b-fbb2-4e70-8b77-fc16cbef12f5" >
		<logger level="INFO" doc:name="Logger" doc:id="f4aaab45-88a9-41b4-910f-5da4119f17e4" message='#["Entry determine repo branches available for qualified Apps"]' />
		<ee:transform doc:name="Transform Message" doc:id="1e673c81-e7b8-47ef-b2fa-c496bd245e3b">
			<ee:message>
				<ee:set-payload><![CDATA[%dw 2.0
output application/json
import getBuildName from dwl::common::helper

var appRepoMap = readUrl("classpath://app-repo-properties.yaml","application/yaml")
---
do
{
var buildName = (appName :String) -> getBuildName(appName)
var appRepoSet = (payload map ((app,index) -> app ++ (appRepoMap."$(getBuildName(app.appName))" default {})))
---
appRepoSet
}
]]></ee:set-payload>
			</ee:message>
		</ee:transform>
		<foreach doc:name="For Each" doc:id="eb8ffcbb-40f6-4d49-bb18-000a90458161">
			<logger level="INFO" doc:name="Log Repo Check" doc:id="6ac351d6-84ee-407e-9afb-32c2856987c5" message='#["check branch exists?  $(payload.Branch?) for app $(payload.appName) in repository "]'/>
			<logger level="INFO" doc:name="Log Debug" doc:id="a4947276-60a4-43b5-bdda-cc9dab030671" message="#[payload]"/>
			<choice doc:name="has Repo?" doc:id="c4f48f37-78dd-4704-94dd-6a2f3bd5e639" >
				<when expression="#[payload.RepoName?]">
					<http:request method="GET" doc:name="getBranchesByRepo" doc:id="852bd572-cf7e-407d-ae2b-14553912a25d" config-ref="gitHttpRequestConfig" path='#["/"++ Mule::p("git.branch-url-path")]' target="branchesByRepo">
				<http:uri-params><![CDATA[#[output application/java ---

{
	owner: Mule::p("git.owner"),
	repo : payload.RepoName
}]]]></http:uri-params>
			</http:request>
					<logger level="INFO" doc:name="Log branches Obtained" doc:id="57ca5fbf-545c-49b6-b83b-f1d7757bc362" message='#["available branches determined for app : $(payload.appName) , Repo : $(payload.RepoName)"]' />
					<ee:transform doc:name="Transform Message" doc:id="ff8fd898-d935-4a40-bd86-031ea83520d1">
				<ee:message>
				</ee:message>
				<ee:variables>
					<ee:set-variable variableName="appWithBranchInfo"><![CDATA[%dw 2.0
output application/json
---
(vars.appWithBranchInfo default []) << (payload ++ {
	(availableBranches: vars.branchesByRepo.ref) if vars.branchesByRepo.ref?
	
})]]></ee:set-variable>
				</ee:variables>
			</ee:transform>
				</when>
				<otherwise >
					<ee:transform doc:name="Transform Message" doc:id="ca63701f-0fd2-4300-9c07-f964e544d53b" >
						<ee:message >
						</ee:message>
						<ee:variables >
							<ee:set-variable variableName="appWithBranchInfo" ><![CDATA[%dw 2.0
output application/json
---
(vars.appWithBranchInfo default []) << payload]]></ee:set-variable>
						</ee:variables>
					</ee:transform>
				</otherwise>
			</choice>
		</foreach>
		<ee:transform doc:name="Transform Message" doc:id="e878744a-0c71-4c06-89e0-55bf68f199b9">
			<ee:message>
				<ee:set-payload><![CDATA[%dw 2.0
output application/json
---
vars.appWithBranchInfo default []]]></ee:set-payload>
			</ee:message>
		</ee:transform>
		<logger level="INFO" doc:name="Log Exit" doc:id="f982080e-e671-40f3-9df4-f8a56403231f" message='#["Exit  repo branches determined for qualified Apps"]'/>
	</sub-flow>
</mule>
