<?xml version="1.0" encoding="UTF-8"?>

<mule xmlns:ee="http://www.mulesoft.org/schema/mule/ee/core"
	xmlns:http="http://www.mulesoft.org/schema/mule/http"
	xmlns="http://www.mulesoft.org/schema/mule/core"
	xmlns:doc="http://www.mulesoft.org/schema/mule/documentation"
	xmlns:xsi="http://www.w3.org/2001/XMLSchema-instance"
	xsi:schemaLocation="http://www.mulesoft.org/schema/mule/core http://www.mulesoft.org/schema/mule/core/current/mule.xsd
http://www.mulesoft.org/schema/mule/http http://www.mulesoft.org/schema/mule/http/current/mule-http.xsd
http://www.mulesoft.org/schema/mule/ee/core http://www.mulesoft.org/schema/mule/ee/core/current/mule-ee.xsd">
	<sub-flow name="getBuildContent_subFlow"
		doc:id="947661ca-dc31-431d-8b03-f2b3b33f7871">
		<http:request method="GET" doc:name="getBuildContent" doc:id="9e5b5f52-fc05-4082-93db-8f38401fdb87" config-ref="gitHttpRequestConfig" url="#[payload.contentUrl]"/>
	</sub-flow>
	<sub-flow name="get-deploy-properties_subFlow" doc:id="d9ff7e51-8229-4ab5-b83d-8fcc616c90bc" >
		<logger level="INFO" doc:name="Log Entry" doc:id="183e76d0-bf72-40b0-a7dd-ec04d2ba079a" message='#["get deploy Properties $(payload.name ) from REPO $(payload.repoName) and $(payload.contentUrl)"]'/>
		<set-variable value="#[payload.name]" doc:name="Set itemName" doc:id="9c5879b2-e816-4b7f-9183-c1f4a722de49" variableName="itemName"/>
		<flow-ref doc:name="getBuildContent_subFlow" doc:id="4aa78b2e-b802-47aa-9320-248ab9dd3bfb" name="getBuildContent_subFlow"/>
		<ee:transform doc:name="Transform Message" doc:id="e103897c-c889-4242-8e32-fc17a33935a9" >
			<ee:message >
				<ee:set-payload ><![CDATA[%dw 2.0
output application/json
---
(payload.name):read(dw::core::Binaries::fromBase64(payload.content),"text/x-java-properties")]]></ee:set-payload>
			</ee:message>
		</ee:transform>
		<logger level="INFO" doc:name="Log Exit" doc:id="d7803e42-7100-4357-8f90-8fe90fd0ba7e" message='#["Exit get $(vars.itemName)"]'/>
	</sub-flow>
	<sub-flow name="search-repo-byCriteriaSubFlow" doc:id="9ff97c14-82bf-4a30-b4c9-dac13b04437e" >
		<http:request method="GET" doc:name="Get Repos byCriteria" doc:id="f8b10f86-8124-43a5-8f11-aa402e23fb53" config-ref="gitHttpRequestConfig" path="#[&quot;/&quot; ++ Mule::p('git.uri.searchRepositoryyByCodeForUser') ++ vars.criteria ++&quot;&amp;page=$(vars.page)&quot;]" >
			<http:uri-params ><![CDATA[#[output application/java
---
{
(	repo: vars.repoName) if vars.repoName?
}]]]></http:uri-params>
		</http:request>
	</sub-flow>
	<sub-flow name="search-repo-subFlow" doc:id="2f1ece33-7d6c-4318-90f8-8381f1506bc2" >
		<logger level="INFO" doc:name="Logger" doc:id="d14d7769-84af-4d76-bac8-540db3400009" message="#[&quot;Search Repo by Criteria $(vars.criteria default '') &amp; repoName : $(vars.repoName default '')&quot;]"/>
		<set-variable value="#[vars.page default 1]" doc:name="Set page" doc:id="f21cc9b6-c0c3-42d1-bdd6-b71dd3923c67" variableName="page"/>
		<flow-ref doc:name="search-repo-byCriteriaSubFlow" doc:id="6430bcbf-353c-44f2-833a-0acabc79f4d9" name="search-repo-byCriteriaSubFlow" />
		<choice doc:name="Items Exist?" doc:id="862d04b9-7a20-45a4-9b42-cb560438c059" >
			<when expression="#[not isEmpty(payload.items)]">
				<logger level="INFO" doc:name="Logger" doc:id="b88d93cd-eba0-4b5c-95d5-a8bd3c5c3241" message='#["Found Repos"]'/>
				<ee:transform doc:name="Transform Message" doc:id="74a1c6d7-c155-41e9-8f15-1fb78cb2c712" >
					<ee:message >
					</ee:message>
					<ee:variables >
						<ee:set-variable variableName="page" ><![CDATA[%dw 2.0
output application/java
---
(vars.page default 0) + 1]]></ee:set-variable>
						<ee:set-variable variableName="repoList" ><![CDATA[%dw 2.0
output application/json
---
(vars.repoList default []) ++ 

(payload.items map((item,index)->{
	name: item.name,
	repoName: item.repository.name,
	repoUrl: item.repository.url,
	(contentUrl: item.repository.'contents_url' replace "{+path}" with item.path) if item.repository.'contents_url'?
}))]]></ee:set-variable>
					</ee:variables>
				</ee:transform>
				<flow-ref doc:name="search-repo-subFlow" doc:id="a9d456a7-32d5-4d1f-8ebb-7ad7a1dcfc45" name="search-repo-subFlow"/>
			</when>
			<otherwise >
				<logger level="INFO" doc:name="Logger" doc:id="bfa5dc23-fc6f-4419-9efb-5b7816999e94" message='#[" No more match exists"]'/>
				<set-payload value="#[output application/json --- (vars.repoList)]" doc:name="Set Payload" doc:id="b89ef7fe-293c-4fd4-9fc3-60ad34985b5c" />
				<remove-variable doc:name="Remove page " doc:id="eb454e9f-238c-482f-b0da-55da251f6b87" variableName="page"/>
				<remove-variable doc:name="Remove repoList" doc:id="2756a186-4a76-4b43-8b27-f0991f56e6fd" variableName="repoList"/>
			</otherwise>
		</choice>
	</sub-flow>
	<sub-flow name="get-repoData-main" doc:id="ad954f77-1ad3-4350-9d9d-b42bf8ef9f3b" >
		<logger level="INFO" doc:name="Log Entry" doc:id="597d87e4-c5dd-41c1-a9c4-664762a84f70" message='#[" Entry Get Repo Data "]'/>
		<set-variable value="#[Mule::p('git.uri.searchBuildPropertiesParam')]" doc:name="Set Criteria for Search" doc:id="c54935f4-37c4-4e5c-bedf-2b85f437160f" variableName="criteria"/>
		<flow-ref doc:name="search-repo-subFlow" doc:id="4cafd85a-ef24-40b4-9a80-63c2d7b01ed5" name="search-repo-subFlow"/>
		<foreach doc:name="For Each Repo Havinbg Build" doc:id="b3dbd08d-e3f2-4551-b792-f73f219b6f9c" collection='#[payload[?(not ($.repoName ~= "CICD"))]]'>
			<flow-ref doc:name="getBuildContent_subFlow" doc:id="90e07874-c751-4b8f-9caa-57e0601ea25b" name="getBuildContent_subFlow" target="buildContents"/>
			<set-variable value="#[Mule::p('git.uri.searchDeployPropertiesParam')]" doc:name="Set criteria For Search" doc:id="7d989917-92e7-4d4d-8616-2fdcb9b0c924" variableName="criteria"/>
			<set-variable value="#[payload.repoName]" doc:name="Set Repo Name" doc:id="de777fad-3e04-4b18-8513-79e8cda0ff1a" variableName="repoName"/>
			<flow-ref doc:name="search-repo-subFlow" doc:id="86b2403d-23be-4532-ab78-b39705e7503d" name="search-repo-subFlow" target="deployContents"/>
			<choice doc:name="Deploy File eixts?" doc:id="92f91e5b-637a-4eb4-8b7b-88ff642d1375" >
				<when expression="#[not isEmpty(vars.deployContents)]">
					<parallel-foreach target="deployProps" targetValue="#[payload.payload]" collection="#[vars.deployContents distinctBy $.name ]">
			<flow-ref name="get-deploy-properties_subFlow" />
			</parallel-foreach>
				</when>
			</choice>
			<ee:transform doc:name="Transform Message" doc:id="22da2aca-12f5-4e80-8d65-64fe43235b98">
				<ee:message>
				</ee:message>
				<ee:variables>
					<ee:set-variable variableName="enrichedData"><![CDATA[%dw 2.0
output application/json
import * from dw::core::Binaries
---
(vars.enrichedData default []) << ( (payload ++ build: read(fromBase64(vars.buildContents.content),"text/x-java-properties")) ++ (deploy: (vars.deployProps reduce((item,acc = {}) -> acc ++ item))) if (not isEmpty(vars.deployProps)))]]></ee:set-variable>
				</ee:variables>
			</ee:transform>
			<logger level="INFO" doc:name="Logger" doc:id="f94d49ea-9ba2-4751-a672-28356c3a150b" message='#["Build.properties read complete for $(payload.repoName)"]' />
		</foreach>
		<set-payload value="#[vars.enrichedData]" doc:name="Set EnrichedData" doc:id="692e2572-de79-4311-b9a8-b0c6e3b9ebf4" />
	</sub-flow>
	<sub-flow name="locate-branchesbyRepo-subFlow" doc:id="cdb9bf0c-f0ae-4ecf-932f-ce324fa4d892" >
		<logger level="INFO" doc:name="Log Entry" doc:id="9e7e8fa6-57d9-443a-b0fe-d99da58fce69" message='#[" Search branches for repo $(payload.repoName)"]'/>
		<set-variable value="#[payload.repoUrl]" doc:name="Set repoUrl" doc:id="813300e6-bc7b-4b29-898f-1e2af711d83d" variableName="repoUrl" />
		<set-variable value="#[{}]" doc:name="initialize branchesByCommitDate" doc:id="a7dde2ab-bbdb-4c44-9c24-95c3d6a0c2a2" variableName="branchesByCommitDate"/>
		<http:request method="GET" doc:name="Get Branches" doc:id="525fd9e9-2ff0-4fbb-b225-05a3f523f1fd" config-ref="gitHttpRequestConfig" url='#[payload.repoUrl ++ "/branches"]' target="availableBranches" targetValue="#[payload.name]"/>
		<foreach doc:name="For Each available Branch" doc:id="8836cde5-aafd-4064-b188-52ffad8091f9" collection="#[vars.availableBranches[?($!= Mule::p('git.new-branch'))]]">
			<logger level="INFO" doc:name="Logger" doc:id="50e3d191-58ed-4204-9873-108fedf60c8c" message='#["Get Branch $(payload) details "]'/>
			<http:request method="GET" doc:name="Get Specific Branch" doc:id="8eea394a-108a-4257-92d7-0819929c5e60" config-ref="gitHttpRequestConfig" url='#[vars.repoUrl ++ "/branches/" ++ payload]' target="branchDetails"/>
			<ee:transform doc:name="Transform Message" doc:id="c5e0fc95-0c54-460d-bb20-35c4a4ffa667" >
				<ee:message >
				</ee:message>
				<ee:variables >
					<ee:set-variable variableName="branchesByCommitDate" ><![CDATA[%dw 2.0
output application/json
var branchData = vars.branchDetails
---
(vars.branchesByCommitDate default {}) ++ {
	
	(branchData.name): branchData.commit.commit.committer.date as DateTime
}]]></ee:set-variable>
				</ee:variables>
			</ee:transform>
		</foreach>
		<set-payload value="#[vars.branchesByCommitDate]" doc:name="Set final Payload" doc:id="8976c03e-20f8-4cc7-abe9-9e2a6efe4192" />
		<logger level="INFO" doc:name="Log Exit" doc:id="ac5dcc19-b842-4e12-9e11-afa329c7e46b" message='#["Commit Dates determined for Branch : $(vars.repoUrl)"]'/>
	</sub-flow>
	<sub-flow name="find-repos-subFlow" doc:id="8fc8416f-cf1a-447d-83be-258de15a00d0" >
		<logger level="INFO" doc:name="Log Entry" doc:id="a0b9bfae-bda5-4989-a974-438c3df275ca" message='#[" Find Repos entry"]'/>
		<set-variable value="#[Mule::p('git.uri.searchRepoByPattern')]" doc:name="Set repo Search Criteria" doc:id="cd95230f-c247-48bb-af8c-97827a9289be" variableName="criteria"/>
		<flow-ref doc:name="find-reposByPage-subFlow" doc:id="74cc1770-849d-4d14-a179-7d0f69c408ae" name="find-reposByPage-subFlow"/>
		 <foreach doc:name="For Each Repo search Build properties" doc:id="fa9c05c3-0f0a-4eb0-a4c3-06b48e76dfad" >

		<flow-ref doc:name="locate-branchesbyRepo-subFlow" doc:id="7c7a01cb-3b83-4fee-8b90-cd7f54a446a6" name="locate-branchesbyRepo-subFlow" target="branchesByDate"/>
			<ee:transform doc:name="Extract Required Branch" doc:id="846fd5fd-7a65-444d-ab59-47ef127304cb" >
				<ee:message >
				</ee:message>
				<ee:variables >
					<ee:set-variable variableName="branchInfo" ><![CDATA[%dw 2.0
output application/json

var orderedBranches = (((vars.branchesByDate ) orderBy ((item, index) -> (-item as DateTime) )) pluck $$) joinBy " , "
var latestDate = ((vars.branchesByDate pluck $) orderBy (-$ as DateTime)) [0]
var latestBranch = (vars.branchesByDate filterObject ((value, key) ->  value == latestDate) pluck $$)[0]
---
{branchesOrderedByLastUpd : orderedBranches , latestBranch: latestBranch }]]></ee:set-variable>
				</ee:variables>
			</ee:transform>
			<try doc:name="Try" doc:id="71fc92cb-513b-4b03-80e6-3c295a909880">
						<http:request method="GET" doc:name="Check Permissions" doc:id="c0abc00d-37ee-433b-804d-40701de3df7e" config-ref="gitHttpRequestConfig" url='#[payload.repoUrl ++"/collaborators/$(vars.userInput.gitUser)/permission"]' target="repoPermission" targetValue="#[payload.permission]" />
						<error-handler>
							<on-error-continue enableNotifications="false" logException="false" doc:name="On Error Continue" doc:id="0b84762b-ba0a-49d9-b019-aa668ca98746" type="HTTP:FORBIDDEN">
								<set-variable value="#[error.errorMessage.payload.message]" doc:name="Set Permission" doc:id="f25262f4-2647-435b-994a-a18ea0d08347" variableName="repoPermission" />
							</on-error-continue>
						</error-handler>
					</try>
			<try doc:name="Try" doc:id="a0494077-af69-4f0c-aa18-d9f613bd5018">
				<http:request method="GET" doc:name="Get Build Properties" doc:id="b21980f7-50f1-447f-802e-4452ab789c7d" config-ref="gitHttpRequestConfig" url='#[payload.repoUrl ++ "/contents/build.properties"]' target="buildContent">
					<http:query-params><![CDATA[#[output application/java
---
{
	ref: vars.branchInfo.latestBranch
}]]]></http:query-params>
				</http:request>
				<error-handler>
					<on-error-continue enableNotifications="false" logException="false" doc:name="On Error Continue" doc:id="65e5a0d8-98c8-4816-ae13-9b608bc409f0" type="HTTP:NOT_FOUND" >
						<logger level="ERROR" doc:name="Logger" doc:id="ab658648-e464-4f3e-ab9c-468cbe453e1a" message='#[" Build.properties not found in repo $(payload.repoName)"]'/>
						<set-variable value="#[{}]" doc:name="Set Variable" doc:id="d6097b54-ae46-475b-bd99-bda0a0b7a4f1" variableName="buildContent"/>
					</on-error-continue>
				</error-handler>
			</try>
			<ee:transform doc:name="Transform Message" doc:id="dd12a84a-084b-466d-accc-5713fdb841f8">
				<ee:message>
				</ee:message>
				<ee:variables>
					<ee:set-variable variableName="enrichedData"><![CDATA[%dw 2.0
output application/json

var appNameInBuild = if (vars.buildContent.content?) 
read(dw::core::Binaries::fromBase64(vars.buildContent.content),"text/x-java-properties")."deploy.app.name" else "unable to determine"
---
(vars.enrichedData default []) << (
	payload ++ vars.branchInfo 
	++ 
	
	{ repoPermission : vars.repoPermission,
	  appNameInBuild: appNameInBuild
	}
)]]></ee:set-variable>
				</ee:variables>
			</ee:transform>
	</foreach>
		<set-payload value="#[vars.enrichedData]" doc:name="Set Payload" doc:id="ef474ee3-e845-42b8-a634-91ef29d2e708" />
	</sub-flow>
	<sub-flow name="recursive-searchBuildFile_subFlow" doc:id="537f02e1-4c11-4c02-b256-037872f3fd6e" >
		<choice doc:name="continue" doc:id="06c3833c-0a4f-44fb-bc3e-1e3000d80bb3" >
			<when expression='#[((vars.index &lt; sizeOf (vars.branches default [])) and ((vars.continue default true) ~= "true"))]'>
				<set-variable value="#[output application/java --- (vars.branches[vars.index])]" doc:name="Set branchName" doc:id="a1b470ad-a5c8-4881-a92d-35c6aa11549c" variableName="branchName" />
				<logger level="INFO" doc:name="Log check" doc:id="14632844-a3ac-4280-ac9b-aa61d8d0b5bc" message='#[output application/java ---  " Check build file in $(vars.branchName) branch  of Repo : $(payload.repoName)"]'/>
				<try doc:name="Try" doc:id="4f5f2d28-91bd-48f8-b768-172783819f2c" >
					<http:request method="GET" doc:name="Fine Build Properties" doc:id="59ebc97e-970a-45a4-95f4-d27bd0714a27" config-ref="gitHttpRequestConfig" url='#[payload.repoUrl ++ "/contents/build.properties"]' target="buildContentData">
					<http:query-params><![CDATA[#[output application/java
---
{
	ref: vars.branchName
}]]]></http:query-params>
				</http:request>
					<logger level="INFO" doc:name="Log Found" doc:id="24d3c7ca-1686-45fd-a64e-1c09afdda6de" message='#[output application/java --- "build file found in $(vars.branchName) branch  of Repo : $(payload.repoName)"]' />
					<error-handler >
						<on-error-continue enableNotifications="false" logException="false" doc:name="On Error Continue" doc:id="6e9d0964-5634-4d37-8696-a63c5587f767" type="HTTP:NOT_FOUND">
							<logger level="ERROR" doc:name="Log Not Found" doc:id="6873213f-1901-4940-8ba9-ccf348ac38b3" message='#[output application/java ---  "Build file not found in $(vars.branchName) branch  of Repo : $(payload.repoName)"]'/>
						</on-error-continue>
					</error-handler>
				</try>
				<ee:transform doc:name="Transform Message" doc:id="ff3fc167-b341-496b-bb44-a1a8236f23d2">
						<ee:message>
						</ee:message>
						<ee:variables>
							<ee:set-variable variableName="continue"><![CDATA[%dw 2.0
output application/java
---
if(vars.buildContentData?) false else true]]></ee:set-variable>
						<ee:set-variable variableName="index" ><![CDATA[%dw 2.0
output application/java
---
(vars.index + 1)]]></ee:set-variable>
						</ee:variables>
					</ee:transform>
				<flow-ref doc:name="recursive-searchBuildFile_subFlow" doc:id="d8f5203b-86fa-42b1-95c0-b61fb618c43f" name="recursive-searchBuildFile_subFlow"/>
			</when>
			<otherwise >
				<logger level="INFO" doc:name="Logger" doc:id="72aec937-b7e6-480a-9ad5-702c49212966" message="#[vars.buildContentData.url]"/>
				<ee:transform doc:name="Transform Message" doc:id="a4ae3e04-0a6c-42a6-8d07-4f21550a0b4b" >
					<ee:message >
						<ee:set-payload ><![CDATA[%dw 2.0
output application/json
---
{
	
	appNameInBuild : (read(dw::core::Binaries::fromBase64(vars.buildContentData.content),"text/x-java-properties")."deploy.app.name") default "build.properties not found in any branches",
	referredBranch: vars.branchName
}]]></ee:set-payload>
					</ee:message>
				</ee:transform>
			</otherwise>
		</choice>
	</sub-flow>
	<sub-flow name="find-reposByPage-subFlow" doc:id="2cbd28ad-d090-497d-bc1c-3c633a030568">
		<logger level="INFO" doc:name="Log Entry" doc:id="4216c77c-e4eb-45bf-88bb-1e85f886a586" message='#[" find repoBy Page $(vars.page default 1)"]' />
		<set-variable value="#[vars.page default 1]" doc:name="Set page" doc:id="9c70f441-eafa-400c-b8cd-c5ec7292e7e5" variableName="page" />
		<http:request method="GET" doc:name="find Repos" doc:id="e20917d5-38b7-4232-87c6-888d0ea7c29d" config-ref="gitHttpRequestConfig" path="#[&quot;/&quot; ++ Mule::p('git.uri.searchRepository') ++ vars.criteria ++&quot;&amp;page=$(vars.page)&quot;]" />
		<choice doc:name="Items Exist?" doc:id="36a6fa18-8e31-4ba8-9b7b-f874dea49651">
			<when expression="#[not isEmpty(payload.items)]">
				<logger level="INFO" doc:name="Log Repos Found" doc:id="550e3146-8f38-40db-b1ed-2191d26ff2fd" message='#["Found Repos "]' />
				<ee:transform doc:name="Transform Message" doc:id="4012b761-6043-4e3f-9f55-c4ead99d8b1f">
					<ee:message>
					</ee:message>
					<ee:variables>
						<ee:set-variable variableName="page"><![CDATA[%dw 2.0
output application/java
---
(vars.page default 0) + 1]]></ee:set-variable>
						<ee:set-variable variableName="repoList"><![CDATA[%dw 2.0
output application/json
---
(vars.repoList default []) ++ (
	
	payload.items map((repo,index) -> {
	
	repoName: repo.name,
	repoUrl: repo.url
})
)]]></ee:set-variable>
					</ee:variables>
				</ee:transform>
				<set-payload value="#[output application/json --- (vars.repoList)]" doc:name="Copy_of_Set Payload" doc:id="99d2e0e8-73ba-4dc7-99a4-aae3ec361ea6" />
<!-- 				<flow-ref doc:name="find-reposByPage-subFlow" doc:id="d8f19954-d623-4289-9012-85076a37b974" name="find-reposByPage-subFlow" />
 -->			</when>
			<otherwise>
				<logger level="INFO" doc:name="Logger" doc:id="68889732-3d03-461e-a75c-875a04eaa69e" message='#[" Repo Search Complete"]' />
				<set-payload value="#[output application/json --- (vars.repoList)]" doc:name="Set Payload" doc:id="1f3a729e-54f0-4a6e-a4f8-32b53ffd9d20" />
			</otherwise>
		</choice>
	</sub-flow>
</mule>
