Org,Environment,BusinessGroup,AppNameInBuild,DeployedName,RepoName,RepoUrl,CurrentStatus,Mule Version,WorkerTypes,WorkerSize,WorkerCount,WorkerClassification,dependencies
"TFS","TEST","TFS","authorizedparties-app","authorizedparties-app-test","TFS-MuleAPIs-AuthorizedParties","https://github.tfs.toyota.com/api/v3/repos/EAS-Channel-Access-Services/TFS-MuleAPIs-AuthorizedParties","STARTED","4.1.4","Micro","0.1","1","medium","{
  \"appRuntime\": \"4.1.4\",
  \"dependency\": {
    \"groupId\": \"org.mule.connectors\",
    \"artifactId\": \"mule-http-connector\",
    \"version\": \"1.3.2\",
    \"classifier\": \"mule-plugin\"
  },
  \"dependency\": {
    \"groupId\": \"org.mule.modules\",
    \"artifactId\": \"mule-apikit-module\",
    \"version\": \"1.1.9\",
    \"classifier\": \"mule-plugin\"
  },
  \"dependency\": {
    \"groupId\": \"com.mulesoft.connectors\",
    \"artifactId\": \"anypoint-mq-connector\",
    \"version\": \"2.1.0\",
    \"classifier\": \"mule-plugin\"
  },
  \"dependency\": {
    \"groupId\": \"com.mulesoft.munit\",
    \"artifactId\": \"munit-runner\",
    \"version\": \"2.1.4\",
    \"classifier\": \"mule-plugin\",
    \"scope\": \"test\"
  },
  \"dependency\": {
    \"groupId\": \"com.mulesoft.munit\",
    \"artifactId\": \"munit-tools\",
    \"version\": \"2.1.4\",
    \"classifier\": \"mule-plugin\",
    \"scope\": \"test\"
  },
  \"dependency\": {
    \"groupId\": \"com.mulesoft.modules\",
    \"artifactId\": \"mule-secure-configuration-property-module\",
    \"version\": \"1.0.2\",
    \"classifier\": \"mule-plugin\"
  }
}"
"TFS","TEST","TFS","authorizedparties","authorizedparties-test","TFS-MuleAPIs-authorizedparties-proxy","https://github.tfs.toyota.com/api/v3/repos/EAS-Channel-Access-Services/TFS-MuleAPIs-authorizedparties-proxy","STARTED","4.1.4","Micro","0.1","1","small","{
  \"dependency\": {
    \"groupId\": \"com.mulesoft.anypoint\",
    \"artifactId\": \"mule-http-proxy-extension\",
    \"version\": \"1.1.2\",
    \"classifier\": \"mule-plugin\"
  },
  \"dependency\": {
    \"groupId\": \"com.mulesoft.anypoint\",
    \"artifactId\": \"mule-rest-validator-extension\",
    \"version\": \"2.0.0\",
    \"classifier\": \"mule-plugin\",
    \"exclusions\": {
      \"exclusion\": {
        \"groupId\": \"org.mule.connectors\",
        \"artifactId\": \"mule-http-connector\"
      }
    }
  },
  \"dependency\": {
    \"groupId\": \"org.mule.connectors\",
    \"artifactId\": \"mule-http-connector\",
    \"version\": \"1.4.0\",
    \"classifier\": \"mule-plugin\"
  }
}"
"TFS","TEST","","","oauthprovider-app-test","","","STARTED","4.2.1","Small","0.2","2","","null"
"TFS","TEST","TFS","vehiclelocation","vehiclelocation-test","TFS-MuleAPIs-VehicleLocation","https://github.tfs.toyota.com/api/v3/repos/EAS-Channel-Access-Services/TFS-MuleAPIs-VehicleLocation","UNDEPLOYED","4.1.4","Micro","0.1","1","small","{
  \"dependency\": {
    \"groupId\": \"com.mulesoft.anypoint\",
    \"artifactId\": \"mule-http-proxy-extension\",
    \"version\": \"1.1.2\",
    \"classifier\": \"mule-plugin\"
  },
  \"dependency\": {
    \"groupId\": \"com.mulesoft.anypoint\",
    \"artifactId\": \"mule-rest-validator-extension\",
    \"version\": \"2.0.0\",
    \"classifier\": \"mule-plugin\",
    \"exclusions\": {
      \"exclusion\": {
        \"groupId\": \"org.mule.connectors\",
        \"artifactId\": \"mule-http-connector\"
      }
    }
  },
  \"dependency\": {
    \"groupId\": \"org.mule.connectors\",
    \"artifactId\": \"mule-http-connector\",
    \"version\": \"1.4.0\",
    \"classifier\": \"mule-plugin\"
  }
}"
"TFS","TEST","EAS1","loggingframework-app","loggingframework-app-test","TFS-MuleAPIs-LoggingFramework","https://github.tfs.toyota.com/api/v3/repos/EAS-Channel-Access-Services/TFS-MuleAPIs-LoggingFramework","STARTED","4.1.4","Micro","0.1","1","micro","{
  \"appRuntime\": \"4.1.4\",
  \"dependency\": {
    \"groupId\": \"com.mulesoft.connectors\",
    \"artifactId\": \"anypoint-mq-connector\",
    \"version\": \"2.1.0\",
    \"classifier\": \"mule-plugin\"
  },
  \"dependency\": {
    \"groupId\": \"org.mule.module\",
    \"artifactId\": \"mule-java-module\",
    \"version\": \"1.1.1\",
    \"classifier\": \"mule-plugin\"
  },
  \"dependency\": {
    \"groupId\": \"org.postgresql\",
    \"artifactId\": \"postgresql\",
    \"version\": \"42.2.5\"
  },
  \"dependency\": {
    \"groupId\": \"org.mule.connectors\",
    \"artifactId\": \"mule-http-connector\",
    \"version\": \"1.2.0\",
    \"classifier\": \"mule-plugin\"
  },
  \"dependency\": {
    \"groupId\": \"org.mule.connectors\",
    \"artifactId\": \"mule-db-connector\",
    \"version\": \"1.4.0\",
    \"classifier\": \"mule-plugin\"
  },
  \"dependency\": {
    \"groupId\": \"com.mulesoft.munit\",
    \"artifactId\": \"munit-runner\",
    \"version\": \"2.1.4\",
    \"classifier\": \"mule-plugin\",
    \"scope\": \"test\"
  },
  \"dependency\": {
    \"groupId\": \"com.mulesoft.munit\",
    \"artifactId\": \"munit-tools\",
    \"version\": \"2.1.4\",
    \"classifier\": \"mule-plugin\",
    \"scope\": \"test\"
  },
  \"dependency\": {
    \"groupId\": \"com.mulesoft.modules\",
    \"artifactId\": \"mule-secure-configuration-property-module\",
    \"version\": \"1.0.2\",
    \"classifier\": \"mule-plugin\"
  }
}"
"TFS","TEST","","","ipwhitelist-app-test","","","STARTED","4.1.4","Micro","0.1","1","","null"
"TFS","TEST","TFS","coupaservices","coupaservices-test","TFS-MuleAPIs-CoupaProcurement-proxy","https://github.tfs.toyota.com/api/v3/repos/EAS-Channel-Access-Services/TFS-MuleAPIs-CoupaProcurement-proxy","STARTED","4.1.4","Micro","0.1","1","small","{
  \"appRuntime\": \"4.1.5\",
  \"dependency\": {
    \"groupId\": \"com.mulesoft.anypoint\",
    \"artifactId\": \"mule-http-proxy-extension\",
    \"version\": \"1.1.2\",
    \"classifier\": \"mule-plugin\"
  },
  \"dependency\": {
    \"groupId\": \"com.mulesoft.anypoint\",
    \"artifactId\": \"mule-rest-validator-extension\",
    \"version\": \"2.0.0\",
    \"classifier\": \"mule-plugin\",
    \"exclusions\": {
      \"exclusion\": {
        \"groupId\": \"org.mule.connectors\",
        \"artifactId\": \"mule-http-connector\"
      }
    }
  },
  \"dependency\": {
    \"groupId\": \"org.mule.connectors\",
    \"artifactId\": \"mule-http-connector\",
    \"version\": \"1.4.0\",
    \"classifier\": \"mule-plugin\"
  }
}"
"TFS","TEST","","","routeonepniservices-test","","","STARTED","4.1.4","Small","0.2","1","","null"
"TFS","TEST","","","aemprotectionservices-test","","","STARTED","4.2.2","Micro","0.1","1","","null"
"TFS","TEST","","","exp-authorizedparties-test","","","UNDEPLOYED","4.1.4","Micro","0.1","1","","null"
"TFS","TEST","TFS","zconnectpaymentextensions","zconnectpaymentextensions-test","TFS-MuleAPIs-ShawPaymentExtension","https://github.tfs.toyota.com/api/v3/repos/EAS-Channel-Access-Services/TFS-MuleAPIs-ShawPaymentExtension","STARTED","4.2.1","Micro","0.1","1","small","{
  \"dependency\": {
    \"groupId\": \"com.mulesoft.anypoint\",
    \"artifactId\": \"mule-http-proxy-extension\",
    \"version\": \"1.1.1\",
    \"classifier\": \"mule-plugin\"
  },
  \"dependency\": {
    \"groupId\": \"org.mule.connectors\",
    \"artifactId\": \"mule-http-connector\",
    \"version\": \"1.4.0\",
    \"classifier\": \"mule-plugin\"
  },
  \"dependency\": {
    \"groupId\": \"com.mulesoft.modules\",
    \"artifactId\": \"mule-secure-configuration-property-module\",
    \"version\": \"1.1.0\",
    \"classifier\": \"mule-plugin\"
  }
}"
"TFS","TEST","TFS","retailpaymentextension","retailpaymentextension-test","TFS-MuleAPIs-RetailPaymentExtension","https://github.tfs.toyota.com/api/v3/repos/EAS-Channel-Access-Services/TFS-MuleAPIs-RetailPaymentExtension","STARTED","4.2.2","Micro","0.1","1","micro","{
  \"dependency\": {
    \"groupId\": \"com.mulesoft.anypoint\",
    \"artifactId\": \"mule-http-proxy-extension\",
    \"version\": \"1.1.2\",
    \"classifier\": \"mule-plugin\"
  },
  \"dependency\": {
    \"groupId\": \"com.mulesoft.anypoint\",
    \"artifactId\": \"mule-rest-validator-extension\",
    \"version\": \"2.0.0\",
    \"classifier\": \"mule-plugin\",
    \"exclusions\": {
      \"exclusion\": {
        \"groupId\": \"org.mule.connectors\",
        \"artifactId\": \"mule-http-connector\"
      }
    }
  },
  \"dependency\": {
    \"groupId\": \"org.mule.connectors\",
    \"artifactId\": \"mule-http-connector\",
    \"version\": \"1.4.0\",
    \"classifier\": \"mule-plugin\"
  },
  \"dependency\": {
    \"groupId\": \"com.mulesoft.modules\",
    \"artifactId\": \"mule-secure-configuration-property-module\",
    \"version\": \"1.1.0\",
    \"classifier\": \"mule-plugin\"
  }
}"
"TFS","TEST","","","tfs-muleapis-expauthorizedparties-noaxwy","","","UNDEPLOYED","4.2.0","Micro","0.1","1","","null"
"TFS","TEST","TFS","tfs-api-analytics","tfs-api-analytics-test","TFS-MuleAPIs-API-Analytics","https://github.tfs.toyota.com/api/v3/repos/EAS-Channel-Access-Services/TFS-MuleAPIs-API-Analytics","STARTED","4.2.2","Small","0.2","1","","{
  \"appRuntime\": \"4.2.2\",
  \"dependency\": {
    \"groupId\": \"org.mule.modules\",
    \"artifactId\": \"mule-apikit-module\",
    \"version\": \"1.1.1\",
    \"classifier\": \"mule-plugin\"
  },
  \"dependency\": {
    \"groupId\": \"org.mule.connectors\",
    \"artifactId\": \"mule-db-connector\",
    \"version\": \"1.5.3\",
    \"classifier\": \"mule-plugin\"
  },
  \"dependency\": {
    \"groupId\": \"org.postgresql\",
    \"artifactId\": \"postgresql\",
    \"version\": \"42.2.5\"
  },
  \"dependency\": {
    \"groupId\": \"com.mulesoft.modules\",
    \"artifactId\": \"mule-secure-configuration-property-module\",
    \"version\": \"1.1.0\",
    \"classifier\": \"mule-plugin\"
  },
  \"dependency\": {
    \"groupId\": \"org.mule.connectors\",
    \"artifactId\": \"mule-file-connector\",
    \"version\": \"1.1.2\",
    \"classifier\": \"mule-plugin\"
  },
  \"dependency\": {
    \"groupId\": \"org.mule.connectors\",
    \"artifactId\": \"mule-vm-connector\",
    \"version\": \"2.0.0\",
    \"classifier\": \"mule-plugin\"
  },
  \"dependency\": {
    \"groupId\": \"com.mulesoft.connectors\",
    \"artifactId\": \"mule-cloudhub-connector\",
    \"version\": \"1.0.1\",
    \"classifier\": \"mule-plugin\"
  },
  \"dependency\": {
    \"groupId\": \"org.mule.connectors\",
    \"artifactId\": \"mule-http-connector\",
    \"version\": \"1.5.6\",
    \"classifier\": \"mule-plugin\"
  },
  \"dependency\": {
    \"groupId\": \"org.mule.connectors\",
    \"artifactId\": \"mule-sockets-connector\",
    \"version\": \"1.1.5\",
    \"classifier\": \"mule-plugin\"
  },
  \"dependency\": {
    \"groupId\": \"org.mule.modules\",
    \"artifactId\": \"mule-oauth-module\",
    \"version\": \"1.1.11\",
    \"classifier\": \"mule-plugin\"
  },
  \"dependency\": {
    \"groupId\": \"org.mule.connectors\",
    \"artifactId\": \"mule-objectstore-connector\",
    \"version\": \"1.1.3\",
    \"classifier\": \"mule-plugin\"
  },
  \"dependency\": {
    \"groupId\": \"org.mule.modules\",
    \"artifactId\": \"mule-compression-module\",
    \"version\": \"2.1.0\",
    \"classifier\": \"mule-plugin\"
  }
}"
"TFS","TEST","","","documentumservice-test","","","STARTED","4.2.1","Micro","0.1","1","","null"
"TFS","TEST","","","nawcservices-test","","","UNDEPLOYED","4.2.1","Small","0.2","1","","null"
"TFS","TEST","","","pendmservices-test","","","STARTED","4.2.1","Small","0.2","1","","null"
"TFS","TEST","","","sfdc-lookupservices-app-test","","","STARTED","4.2.1","Micro","0.1","1","","null"
"TFS","TEST","TFS","vehicle-vininformation-proxy","vehicle-vininformation-proxy-test","TFS-MuleAPIs-VehicleVINInformation","https://github.tfs.toyota.com/api/v3/repos/EAS-Channel-Access-Services/TFS-MuleAPIs-VehicleVINInformation","STARTED","4.2.2","Micro","0.1","1","small","{
  \"dependency\": {
    \"groupId\": \"com.mulesoft.anypoint\",
    \"artifactId\": \"mule-http-proxy-extension\",
    \"version\": \"1.1.2\",
    \"classifier\": \"mule-plugin\"
  },
  \"dependency\": {
    \"groupId\": \"com.mulesoft.anypoint\",
    \"artifactId\": \"mule-rest-validator-extension\",
    \"version\": \"2.0.0\",
    \"classifier\": \"mule-plugin\",
    \"exclusions\": {
      \"exclusion\": {
        \"groupId\": \"org.mule.connectors\",
        \"artifactId\": \"mule-http-connector\"
      }
    }
  },
  \"dependency\": {
    \"groupId\": \"org.mule.connectors\",
    \"artifactId\": \"mule-http-connector\",
    \"version\": \"1.4.0\",
    \"classifier\": \"mule-plugin\"
  },
  \"dependency\": {
    \"groupId\": \"com.mulesoft.modules\",
    \"artifactId\": \"mule-secure-configuration-property-module\",
    \"version\": \"1.2.0\",
    \"classifier\": \"mule-plugin\"
  }
}"
"TFS","TEST","","","sfdc-lookupservices-test","","","STARTED","4.2.1","Micro","0.1","1","","null"
"TFS","TEST","TFS","vehicle-taxservice-proxy","vehicle-taxservice-proxy-test","TFS-MuleAPIs-VehicleTaxService","https://github.tfs.toyota.com/api/v3/repos/EAS-Channel-Access-Services/TFS-MuleAPIs-VehicleTaxService","STARTED","4.2.2","Micro","0.1","1","micro","{
  \"dependency\": {
    \"groupId\": \"com.mulesoft.anypoint\",
    \"artifactId\": \"mule-http-proxy-extension\",
    \"version\": \"1.1.1\",
    \"classifier\": \"mule-plugin\"
  },
  \"dependency\": {
    \"groupId\": \"org.mule.connectors\",
    \"artifactId\": \"mule-http-connector\",
    \"version\": \"1.4.0\",
    \"classifier\": \"mule-plugin\"
  },
  \"dependency\": {
    \"groupId\": \"com.mulesoft.modules\",
    \"artifactId\": \"mule-secure-configuration-property-module\",
    \"version\": \"1.2.0\",
    \"classifier\": \"mule-plugin\"
  }
}"
"TFS","TEST","","","sales-creditdecision-test","","","STARTED","4.2.1","Micro","0.1","1","","null"
"TFS","TEST","TFS","vehicle-transportfee-proxy","vehicle-transportfee-proxy-test","TFS-MuleAPIs-VehicleTransportFee","https://github.tfs.toyota.com/api/v3/repos/EAS-Channel-Access-Services/TFS-MuleAPIs-VehicleTransportFee","STARTED","4.2.2","Micro","0.1","1","micro","{
  \"dependency\": {
    \"groupId\": \"com.mulesoft.anypoint\",
    \"artifactId\": \"mule-http-proxy-extension\",
    \"version\": \"1.1.1\",
    \"classifier\": \"mule-plugin\"
  },
  \"dependency\": {
    \"groupId\": \"org.mule.connectors\",
    \"artifactId\": \"mule-http-connector\",
    \"version\": \"1.4.0\",
    \"classifier\": \"mule-plugin\"
  },
  \"dependency\": {
    \"groupId\": \"com.mulesoft.modules\",
    \"artifactId\": \"mule-secure-configuration-property-module\",
    \"version\": \"1.2.0\",
    \"classifier\": \"mule-plugin\"
  }
}"
"TFS","TEST","TFS","customer-vehicleaddress-proxy","customer-vehicleaddress-proxy-test","TFS-MuleAPIs-CustomerVehicleAddress","https://github.tfs.toyota.com/api/v3/repos/EAS-Channel-Access-Services/TFS-MuleAPIs-CustomerVehicleAddress","STARTED","4.2.2","Micro","0.1","1","micro","{
  \"dependency\": {
    \"groupId\": \"com.mulesoft.anypoint\",
    \"artifactId\": \"mule-http-proxy-extension\",
    \"version\": \"1.1.2\",
    \"classifier\": \"mule-plugin\"
  },
  \"dependency\": {
    \"groupId\": \"com.mulesoft.anypoint\",
    \"artifactId\": \"mule-rest-validator-extension\",
    \"version\": \"2.0.0\",
    \"classifier\": \"mule-plugin\",
    \"exclusions\": {
      \"exclusion\": {
        \"groupId\": \"org.mule.connectors\",
        \"artifactId\": \"mule-http-connector\"
      }
    }
  },
  \"dependency\": {
    \"groupId\": \"org.mule.connectors\",
    \"artifactId\": \"mule-http-connector\",
    \"version\": \"1.4.0\",
    \"classifier\": \"mule-plugin\"
  },
  \"dependency\": {
    \"groupId\": \"com.mulesoft.modules\",
    \"artifactId\": \"mule-secure-configuration-property-module\",
    \"version\": \"1.2.0\",
    \"classifier\": \"mule-plugin\"
  }
}"
"TFS","TEST","TFS","vehicle-mmrinformation-proxy","vehicle-mmrinformation-proxy-test","TFS-MuleAPIs-VehicleMMRInformation","https://github.tfs.toyota.com/api/v3/repos/EAS-Channel-Access-Services/TFS-MuleAPIs-VehicleMMRInformation","STARTED","4.2.2","Micro","0.1","1","micro","{
  \"dependency\": {
    \"groupId\": \"com.mulesoft.anypoint\",
    \"artifactId\": \"mule-http-proxy-extension\",
    \"version\": \"1.1.2\",
    \"classifier\": \"mule-plugin\"
  },
  \"dependency\": {
    \"groupId\": \"com.mulesoft.anypoint\",
    \"artifactId\": \"mule-rest-validator-extension\",
    \"version\": \"2.0.0\",
    \"classifier\": \"mule-plugin\",
    \"exclusions\": {
      \"exclusion\": {
        \"groupId\": \"org.mule.connectors\",
        \"artifactId\": \"mule-http-connector\"
      }
    }
  },
  \"dependency\": {
    \"groupId\": \"org.mule.connectors\",
    \"artifactId\": \"mule-http-connector\",
    \"version\": \"1.4.0\",
    \"classifier\": \"mule-plugin\"
  },
  \"dependency\": {
    \"groupId\": \"com.mulesoft.modules\",
    \"artifactId\": \"mule-secure-configuration-property-module\",
    \"version\": \"1.2.0\",
    \"classifier\": \"mule-plugin\"
  }
}"
"TFS","TEST","","","mfin-account-services-test","","","STARTED","4.2.1","Micro","0.1","2","","null"
"TFS","TEST","TFS","mfin-account-services-api","mfin-account-services-api-test","TFS-MuleAPIs-mFin-Account-Services-API","https://github.tfs.toyota.com/api/v3/repos/EAS-Channel-Access-Services/TFS-MuleAPIs-mFin-Account-Services-API","STARTED","4.2.2","Micro","0.1","1","micro","{
  \"dependency\": {
    \"groupId\": \"com.mulesoft.anypoint\",
    \"artifactId\": \"mule-http-proxy-extension\",
    \"version\": \"1.1.2\",
    \"classifier\": \"mule-plugin\"
  },
  \"dependency\": {
    \"groupId\": \"com.mulesoft.anypoint\",
    \"artifactId\": \"mule-rest-validator-extension\",
    \"version\": \"2.1.0\",
    \"classifier\": \"mule-plugin\",
    \"exclusions\": {
      \"exclusion\": {
        \"groupId\": \"org.mule.connectors\",
        \"artifactId\": \"mule-http-connector\"
      }
    }
  },
  \"dependency\": {
    \"groupId\": \"org.mule.connectors\",
    \"artifactId\": \"mule-http-connector\",
    \"version\": \"1.5.7\",
    \"classifier\": \"mule-plugin\"
  },
  \"dependency\": {
    \"groupId\": \"org.mule.connectors\",
    \"artifactId\": \"mule-objectstore-connector\",
    \"version\": \"1.1.3\",
    \"classifier\": \"mule-plugin\"
  }
}"
"TFS","TEST","TFS","vehicle-titleupdates-proxy","vehicle-titleupdates-proxy-test","TFS-MuleAPIs-VehicleTitleUpdates","https://github.tfs.toyota.com/api/v3/repos/EAS-Channel-Access-Services/TFS-MuleAPIs-VehicleTitleUpdates","STARTED","4.2.2","Micro","0.1","1","micro","{
  \"dependency\": {
    \"groupId\": \"com.mulesoft.anypoint\",
    \"artifactId\": \"mule-http-proxy-extension\",
    \"version\": \"1.1.1\",
    \"classifier\": \"mule-plugin\"
  },
  \"dependency\": {
    \"groupId\": \"org.mule.connectors\",
    \"artifactId\": \"mule-http-connector\",
    \"version\": \"1.4.0\",
    \"classifier\": \"mule-plugin\"
  },
  \"dependency\": {
    \"groupId\": \"com.mulesoft.modules\",
    \"artifactId\": \"mule-secure-configuration-property-module\",
    \"version\": \"1.2.0\",
    \"classifier\": \"mule-plugin\"
  }
}"
"TFS","TEST","TFS","vehicle-leasedeferralfee-proxy","vehicle-leasedeferralfee-proxy-test","TFS-MuleAPIs-VehicleLeaseDeferralFee","https://github.tfs.toyota.com/api/v3/repos/EAS-Channel-Access-Services/TFS-MuleAPIs-VehicleLeaseDeferralFee","STARTED","4.2.2","Micro","0.1","1","micro","{
  \"dependency\": {
    \"groupId\": \"com.mulesoft.anypoint\",
    \"artifactId\": \"mule-http-proxy-extension\",
    \"version\": \"1.1.2\",
    \"classifier\": \"mule-plugin\"
  },
  \"dependency\": {
    \"groupId\": \"com.mulesoft.anypoint\",
    \"artifactId\": \"mule-rest-validator-extension\",
    \"version\": \"2.0.0\",
    \"classifier\": \"mule-plugin\",
    \"exclusions\": {
      \"exclusion\": {
        \"groupId\": \"org.mule.connectors\",
        \"artifactId\": \"mule-http-connector\"
      }
    }
  },
  \"dependency\": {
    \"groupId\": \"org.mule.connectors\",
    \"artifactId\": \"mule-http-connector\",
    \"version\": \"1.4.0\",
    \"classifier\": \"mule-plugin\"
  },
  \"dependency\": {
    \"groupId\": \"com.mulesoft.modules\",
    \"artifactId\": \"mule-secure-configuration-property-module\",
    \"version\": \"1.2.0\",
    \"classifier\": \"mule-plugin\"
  },
  \"dependency\": {
    \"groupId\": \"com.mulesoft.modules\",
    \"artifactId\": \"mule-secure-configuration-property-module\",
    \"version\": \"1.2.0\",
    \"classifier\": \"mule-plugin\"
  }
}"
"TFS","TEST","TFS","vehicle-grounding-proxy","vehicle-grounding-proxy-test","TFS-MuleAPIs-VehicleGrounding","https://github.tfs.toyota.com/api/v3/repos/EAS-Channel-Access-Services/TFS-MuleAPIs-VehicleGrounding","DEPLOY_FAILED","4.2.2","Micro","0.1","1","micro","{
  \"dependency\": {
    \"groupId\": \"com.mulesoft.anypoint\",
    \"artifactId\": \"mule-http-proxy-extension\",
    \"version\": \"1.1.2\",
    \"classifier\": \"mule-plugin\"
  },
  \"dependency\": {
    \"groupId\": \"com.mulesoft.anypoint\",
    \"artifactId\": \"mule-rest-validator-extension\",
    \"version\": \"2.0.0\",
    \"classifier\": \"mule-plugin\",
    \"exclusions\": {
      \"exclusion\": {
        \"groupId\": \"org.mule.connectors\",
        \"artifactId\": \"mule-http-connector\"
      }
    }
  },
  \"dependency\": {
    \"groupId\": \"org.mule.connectors\",
    \"artifactId\": \"mule-http-connector\",
    \"version\": \"1.4.0\",
    \"classifier\": \"mule-plugin\"
  },
  \"dependency\": {
    \"groupId\": \"com.mulesoft.modules\",
    \"artifactId\": \"mule-secure-configuration-property-module\",
    \"version\": \"1.2.0\",
    \"classifier\": \"mule-plugin\"
  },
  \"dependency\": {
    \"groupId\": \"com.mulesoft.modules\",
    \"artifactId\": \"mule-secure-configuration-property-module\",
    \"version\": \"1.2.0\",
    \"classifier\": \"mule-plugin\"
  }
}"
"TFS","TEST","TFS","customer-prefhistory-proxy","customer-prefhistory-proxy-test","TFS-MuleAPIs-CustomerPreferencesHistory","https://github.tfs.toyota.com/api/v3/repos/EAS-Channel-Access-Services/TFS-MuleAPIs-CustomerPreferencesHistory","STARTED","4.2.2","Micro","0.1","1","micro","{
  \"dependency\": {
    \"groupId\": \"com.mulesoft.anypoint\",
    \"artifactId\": \"mule-http-proxy-extension\",
    \"version\": \"1.1.1\",
    \"classifier\": \"mule-plugin\"
  },
  \"dependency\": {
    \"groupId\": \"org.mule.connectors\",
    \"artifactId\": \"mule-http-connector\",
    \"version\": \"1.4.0\",
    \"classifier\": \"mule-plugin\"
  },
  \"dependency\": {
    \"groupId\": \"com.mulesoft.modules\",
    \"artifactId\": \"mule-secure-configuration-property-module\",
    \"version\": \"1.2.0\",
    \"classifier\": \"mule-plugin\"
  }
}"
"TFS","TEST","TFS","customer-paymttxnhistory-proxy","customer-paymttxnhistory-proxy-test","TFS-MuleAPIs-CustomerPaymentTransactionHistory","https://github.tfs.toyota.com/api/v3/repos/EAS-Channel-Access-Services/TFS-MuleAPIs-CustomerPaymentTransactionHistory","STARTED","4.2.2","Micro","0.1","1","micro","{
  \"dependency\": {
    \"groupId\": \"com.mulesoft.anypoint\",
    \"artifactId\": \"mule-http-proxy-extension\",
    \"version\": \"1.1.1\",
    \"classifier\": \"mule-plugin\"
  },
  \"dependency\": {
    \"groupId\": \"org.mule.connectors\",
    \"artifactId\": \"mule-http-connector\",
    \"version\": \"1.4.0\",
    \"classifier\": \"mule-plugin\"
  },
  \"dependency\": {
    \"groupId\": \"com.mulesoft.modules\",
    \"artifactId\": \"mule-secure-configuration-property-module\",
    \"version\": \"1.2.0\",
    \"classifier\": \"mule-plugin\"
  }
}"
"TFS","TEST","TFS","customer-insuranceforms-proxy","customer-insuranceforms-proxy-test","TFS-MuleAPIs-CustomerInsuranceForms","https://github.tfs.toyota.com/api/v3/repos/EAS-Channel-Access-Services/TFS-MuleAPIs-CustomerInsuranceForms","STARTED","4.2.2","Micro","0.1","1","micro","{
  \"dependency\": {
    \"groupId\": \"com.mulesoft.anypoint\",
    \"artifactId\": \"mule-http-proxy-extension\",
    \"version\": \"1.1.1\",
    \"classifier\": \"mule-plugin\"
  },
  \"dependency\": {
    \"groupId\": \"org.mule.connectors\",
    \"artifactId\": \"mule-http-connector\",
    \"version\": \"1.4.0\",
    \"classifier\": \"mule-plugin\"
  },
  \"dependency\": {
    \"groupId\": \"com.mulesoft.modules\",
    \"artifactId\": \"mule-secure-configuration-property-module\",
    \"version\": \"1.2.0\",
    \"classifier\": \"mule-plugin\"
  }
}"
"TFS","TEST","TFS","customer-contactvalidation-proxy","customer-contactvalidation-proxy-test","TFS-MuleAPIs-CustomerContactValidation","https://github.tfs.toyota.com/api/v3/repos/EAS-Channel-Access-Services/TFS-MuleAPIs-CustomerContactValidation","STARTED","4.2.2","Micro","0.1","1","micro","{
  \"dependency\": {
    \"groupId\": \"com.mulesoft.anypoint\",
    \"artifactId\": \"mule-http-proxy-extension\",
    \"version\": \"1.1.1\",
    \"classifier\": \"mule-plugin\"
  },
  \"dependency\": {
    \"groupId\": \"org.mule.connectors\",
    \"artifactId\": \"mule-http-connector\",
    \"version\": \"1.4.0\",
    \"classifier\": \"mule-plugin\"
  },
  \"dependency\": {
    \"groupId\": \"com.mulesoft.modules\",
    \"artifactId\": \"mule-secure-configuration-property-module\",
    \"version\": \"1.2.0\",
    \"classifier\": \"mule-plugin\"
  }
}"
"TFS","TEST","","","customer-insagmntlookupcreate-proxy-test","","","STARTED","4.2.1","Micro","0.1","1","","null"
"TFS","TEST","TFS","customer-activitycasecreation-proxy","customer-activitycasecreation-proxy-test","TFS-MuleAPIs-CustomerActivityCaseCreation","https://github.tfs.toyota.com/api/v3/repos/EAS-Channel-Access-Services/TFS-MuleAPIs-CustomerActivityCaseCreation","STARTED","4.2.2","Micro","0.1","1","micro","{
  \"dependency\": {
    \"groupId\": \"com.mulesoft.anypoint\",
    \"artifactId\": \"mule-http-proxy-extension\",
    \"version\": \"1.1.1\",
    \"classifier\": \"mule-plugin\"
  },
  \"dependency\": {
    \"groupId\": \"org.mule.connectors\",
    \"artifactId\": \"mule-http-connector\",
    \"version\": \"1.4.0\",
    \"classifier\": \"mule-plugin\"
  },
  \"dependency\": {
    \"groupId\": \"com.mulesoft.modules\",
    \"artifactId\": \"mule-secure-configuration-property-module\",
    \"version\": \"1.0.0\",
    \"classifier\": \"mule-plugin\"
  }
}"
"TFS","TEST","TFS","customer-insurancedocs-proxy","customer-insurancedocs-proxy-test","TFS-MuleAPIs-CustomerInsuranceDocuments","https://github.tfs.toyota.com/api/v3/repos/EAS-Channel-Access-Services/TFS-MuleAPIs-CustomerInsuranceDocuments","STARTED","4.2.2","Micro","0.1","1","micro","{
  \"dependency\": {
    \"groupId\": \"com.mulesoft.anypoint\",
    \"artifactId\": \"mule-http-proxy-extension\",
    \"version\": \"1.1.2\",
    \"classifier\": \"mule-plugin\"
  },
  \"dependency\": {
    \"groupId\": \"com.mulesoft.anypoint\",
    \"artifactId\": \"mule-rest-validator-extension\",
    \"version\": \"2.1.0\",
    \"classifier\": \"mule-plugin\",
    \"exclusions\": {
      \"exclusion\": {
        \"groupId\": \"org.mule.connectors\",
        \"artifactId\": \"mule-http-connector\"
      }
    }
  },
  \"dependency\": {
    \"groupId\": \"org.mule.connectors\",
    \"artifactId\": \"mule-http-connector\",
    \"version\": \"1.5.7\",
    \"classifier\": \"mule-plugin\"
  },
  \"dependency\": {
    \"groupId\": \"com.mulesoft.modules\",
    \"artifactId\": \"mule-secure-configuration-property-module\",
    \"version\": \"1.2.0\",
    \"classifier\": \"mule-plugin\"
  }
}"
"TFS","TEST","TFS","vehicle-repoassignment-proxy","vehicle-repoassignment-proxy-test","TFS-MuleAPIs-VehicleRepossessionAssignment","https://github.tfs.toyota.com/api/v3/repos/EAS-Channel-Access-Services/TFS-MuleAPIs-VehicleRepossessionAssignment","STARTED","4.2.2","Micro","0.1","1","micro","{
  \"dependency\": {
    \"groupId\": \"com.mulesoft.anypoint\",
    \"artifactId\": \"mule-http-proxy-extension\",
    \"version\": \"1.1.1\",
    \"classifier\": \"mule-plugin\"
  },
  \"dependency\": {
    \"groupId\": \"org.mule.connectors\",
    \"artifactId\": \"mule-http-connector\",
    \"version\": \"1.4.0\",
    \"classifier\": \"mule-plugin\"
  },
  \"dependency\": {
    \"groupId\": \"com.mulesoft.modules\",
    \"artifactId\": \"mule-secure-configuration-property-module\",
    \"version\": \"1.2.0\",
    \"classifier\": \"mule-plugin\"
  }
}"
"TFS","TEST","","","web-accept-test","","","STARTED","4.2.2","Micro","0.1","1","","null"
"TFS","TEST","","","dealerprofile-proxy-test","","","STARTED","4.2.1","Micro","0.1","1","","null"
"TFS","TEST","","","dealertc-proxy-test","","","STARTED","4.2.1","Micro","0.1","1","","null"
"TFS","TEST","TFS","customer-onetrust-services","customer-onetrust-services-test","TFS-MuleAPIs-Onetrust","https://github.tfs.toyota.com/api/v3/repos/EAS-Channel-Access-Services/TFS-MuleAPIs-Onetrust","STARTED","4.2.2","Micro","0.1","1","micro","{
  \"dependency\": {
    \"groupId\": \"com.mulesoft.anypoint\",
    \"artifactId\": \"mule-http-proxy-extension\",
    \"version\": \"1.1.2\",
    \"classifier\": \"mule-plugin\"
  },
  \"dependency\": {
    \"groupId\": \"com.mulesoft.anypoint\",
    \"artifactId\": \"mule-rest-validator-extension\",
    \"version\": \"2.0.0\",
    \"classifier\": \"mule-plugin\",
    \"exclusions\": {
      \"exclusion\": {
        \"groupId\": \"org.mule.connectors\",
        \"artifactId\": \"mule-http-connector\"
      }
    }
  },
  \"dependency\": {
    \"groupId\": \"org.mule.connectors\",
    \"artifactId\": \"mule-http-connector\",
    \"version\": \"1.5.6\",
    \"classifier\": \"mule-plugin\"
  },
  \"dependency\": {
    \"groupId\": \"org.mule.connectors\",
    \"artifactId\": \"mule-sockets-connector\",
    \"version\": \"1.1.5\",
    \"classifier\": \"mule-plugin\"
  },
  \"dependency\": {
    \"groupId\": \"org.mule.modules\",
    \"artifactId\": \"mule-oauth-module\",
    \"version\": \"1.1.11\",
    \"classifier\": \"mule-plugin\"
  },
  \"dependency\": {
    \"groupId\": \"org.mule.connectors\",
    \"artifactId\": \"mule-objectstore-connector\",
    \"version\": \"1.1.3\",
    \"classifier\": \"mule-plugin\"
  }
}"
"TFS","TEST","","","niceincontact-authentication-api-test","","","STARTED","4.2.2","Micro","0.1","1","","null"
"TFS","TEST","","","dealer-callmenow-test","","","STARTED","4.2.1","Micro","0.1","1","","null"
"TFS","TEST","TFS","adobe-document-services-api","adobe-document-services-api-test","TFS-MuleAPIs-AdobeDocumentServicesAPI","https://github.tfs.toyota.com/api/v3/repos/EAS-Channel-Access-Services/TFS-MuleAPIs-AdobeDocumentServicesAPI","STARTED","4.2.2","Micro","0.1","1","micro","{
  \"appRuntime\": \"4.2.1\",
  \"dependency\": {
    \"groupId\": \"org.mule.connectors\",
    \"artifactId\": \"mule-http-connector\",
    \"version\": \"1.5.6\",
    \"classifier\": \"mule-plugin\"
  },
  \"dependency\": {
    \"groupId\": \"org.mule.connectors\",
    \"artifactId\": \"mule-sockets-connector\",
    \"version\": \"1.1.5\",
    \"classifier\": \"mule-plugin\"
  },
  \"dependency\": {
    \"groupId\": \"org.mule.modules\",
    \"artifactId\": \"mule-apikit-module\",
    \"version\": \"1.3.6\",
    \"classifier\": \"mule-plugin\"
  }
}"
"TFS","TEST","TFS","adobe-document-services-proxy","adobe-document-services-proxy-test","TFS-MuleAPIs-AdobeDocumentServicesProxy","https://github.tfs.toyota.com/api/v3/repos/EAS-Channel-Access-Services/TFS-MuleAPIs-AdobeDocumentServicesProxy","STARTED","4.2.2","Micro","0.1","1","micro","{
  \"appRuntime\": \"4.2.1\",
  \"dependency\": {
    \"groupId\": \"com.mulesoft.anypoint\",
    \"artifactId\": \"mule-http-proxy-extension\",
    \"version\": \"1.1.2\",
    \"classifier\": \"mule-plugin\"
  },
  \"dependency\": {
    \"groupId\": \"com.mulesoft.anypoint\",
    \"artifactId\": \"mule-rest-validator-extension\",
    \"version\": \"2.1.0\",
    \"classifier\": \"mule-plugin\",
    \"exclusions\": {
      \"exclusion\": {
        \"groupId\": \"org.mule.connectors\",
        \"artifactId\": \"mule-http-connector\"
      }
    }
  },
  \"dependency\": {
    \"groupId\": \"org.mule.connectors\",
    \"artifactId\": \"mule-http-connector\",
    \"version\": \"1.5.7\",
    \"classifier\": \"mule-plugin\"
  }
}"
"TFS","TEST","","","sfdc-full2-authentication-api-test","","","STARTED","4.2.1","Micro","0.1","1","","null"
"TFS","TEST","","","citikubra-authentication-api-test","","","STARTED","4.2.1","Micro","0.1","1","","null"
"TFS","TEST","","","sfdc-notify-cdar-test","","","STARTED","4.2.1","Micro","0.1","1","","null"
"TFS","TEST","","","sfdc-authentication-api-test","","","STARTED","4.2.2","Micro","0.1","1","","null"
"TFS","TEST","","","ccpa-cdar-services-proxy-test","","","STARTED","4.2.1","Micro","0.1","1","","null"
"TFS","TEST","TFS","ccpa-fulfillment-services-proxy","ccpa-fulfillment-services-proxy-test","TFS-MuleAPIs-CCPA-DataFulfillmentService-Proxy","https://github.tfs.toyota.com/api/v3/repos/EAS-Channel-Access-Services/TFS-MuleAPIs-CCPA-DataFulfillmentService-Proxy","STARTED","4.2.2","Micro","0.1","1","micro","{
  \"appRuntime\": \"4.1.5\",
  \"dependency\": {
    \"groupId\": \"com.mulesoft.anypoint\",
    \"artifactId\": \"mule-http-proxy-extension\",
    \"version\": \"1.1.2\",
    \"classifier\": \"mule-plugin\"
  },
  \"dependency\": {
    \"groupId\": \"com.mulesoft.anypoint\",
    \"artifactId\": \"mule-rest-validator-extension\",
    \"version\": \"2.0.0\",
    \"classifier\": \"mule-plugin\",
    \"exclusions\": {
      \"exclusion\": {
        \"groupId\": \"org.mule.connectors\",
        \"artifactId\": \"mule-http-connector\"
      }
    }
  },
  \"dependency\": {
    \"groupId\": \"org.mule.connectors\",
    \"artifactId\": \"mule-http-connector\",
    \"version\": \"1.4.0\",
    \"classifier\": \"mule-plugin\"
  }
}"
"TFS","TEST","","","ccpa-report-services-proxy-test","","","UNDEPLOYED","4.2.1","Micro","0.1","1","","null"
"TFS","TEST","","","customer-prefnotification-proxy-test","","","STARTED","4.2.2","Micro","0.1","1","","null"
"TFS","TEST","","","tdm-investor-datasync-test","","","STARTED","4.2.2","Micro","0.1","1","","null"
"TFS","TEST","","","tdm-treasury-investor-test","","","STARTED","4.2.1","Micro","0.1","1","","null"
"TFS","TEST","","","sfdc-treasury-authentication-api-test","","","STARTED","4.2.1","Micro","0.1","1","","null"
"TFS","TEST","","","protectionproducts-deals-test","","","STARTED","4.2.1","Micro","0.1","1","","null"
"TFS","TEST","","","shiftdigital-test","","","STARTED","4.2.2","Micro","0.1","1","","null"
"TFS","TEST","","","stoneeagle-test","","","STARTED","4.2.1","Micro","0.1","1","","null"
"TFS","TEST","","","routeonewebservices-test","","","STARTED","4.2.2","Micro","0.1","1","","null"
"TFS","TEST","","","urbanscience-test","","","STARTED","4.2.2","Micro","0.1","1","","null"
"TFS","TEST","","","consumerwebaccessmanagement-test","","","STARTED","4.2.1","Micro","0.1","1","","null"
"TFS","TEST","","","mdmingress-test","","","STARTED","4.2.1","Micro","0.1","1","","null"
"TFS","TEST","","","finance-offers-test","","","UNDEPLOYED","4.2.1","Micro","0.1","1","","null"
"TFS","TEST","","","insurance-explorerservices-test","","","STARTED","4.2.1","Micro","0.1","1","","null"
"TFS","TEST","","","ods-paymenttransactions-test","","","STARTED","4.2.1","Micro","0.1","1","","null"
"TFS","TEST","","","ods-paymenttransactions-sys-test","","","STARTED","4.2.1","Micro","0.1","1","","null"
"TFS","TEST","","","buyer-forms-test","","","STARTED","4.2.1","Micro","0.1","1","","null"
"TFS","TEST","","","insurance-claim-management-test","","","STARTED","4.2.1","Micro","0.1","1","","null"
"TFS","TEST","TFS","sys-oauth-provider","sys-oauth-provider-test","TFS-MuleAPIs-System-OAuth-Provider","https://github.tfs.toyota.com/api/v3/repos/EAS-Channel-Access-Services/TFS-MuleAPIs-System-OAuth-Provider","STARTED","4.2.2","Micro","0.1","2","","{
  \"dependency\": {
    \"groupId\": \"org.mule.connectors\",
    \"artifactId\": \"mule-http-connector\",
    \"version\": \"1.5.11\",
    \"classifier\": \"mule-plugin\"
  },
  \"dependency\": {
    \"groupId\": \"org.mule.connectors\",
    \"artifactId\": \"mule-sockets-connector\",
    \"version\": \"1.1.5\",
    \"classifier\": \"mule-plugin\"
  },
  \"dependency\": {
    \"groupId\": \"org.mule.modules\",
    \"artifactId\": \"mule-apikit-module\",
    \"version\": \"1.3.7\",
    \"classifier\": \"mule-plugin\"
  },
  \"dependency\": {
    \"groupId\": \"com.mulesoft.modules\",
    \"artifactId\": \"mule-secure-configuration-property-module\",
    \"version\": \"1.2.0\",
    \"classifier\": \"mule-plugin\"
  },
  \"dependency\": {
    \"groupId\": \"org.mule.connectors\",
    \"artifactId\": \"mule-objectstore-connector\",
    \"version\": \"1.1.3\",
    \"classifier\": \"mule-plugin\"
  }
}"
"TFS","TEST","","","offers-test","","","STARTED","4.2.2","Micro","0.1","1","","null"
"TFS","TEST","","","dealerlookup-proxy-test","","","STARTED","4.2.1","Micro","0.1","1","","null"
"TFS","TEST","","","schedulepayments-payments-test","","","STARTED","4.2.1","Micro","0.1","1","","null"
"TFS","TEST","","","nice-bre-services-app-test","","","STARTED","4.2.2","Micro","0.1","2","","null"
"TFS","TEST","","","customer-address-abbreviation-test","","","STARTED","4.2.1","Micro","0.1","1","","null"
"TFS","TEST","","","oca-prefill-test","","","STARTED","4.2.1","Micro","0.1","1","","null"
"TFS","TEST","","","tfs-oauth-test","","","UNDEPLOYED","4.2.1","Micro","0.1","1","","null"
"TFS","TEST","TFS","customer-profilelookup-proxy","customer-profilelookup-proxy-test","TFS-MuleAPIs-CustomerProfileLookup","https://github.tfs.toyota.com/api/v3/repos/EAS-Channel-Access-Services/TFS-MuleAPIs-CustomerProfileLookup","STARTED","4.2.2","Micro","0.1","1","micro","{
  \"dependency\": {
    \"groupId\": \"com.mulesoft.anypoint\",
    \"artifactId\": \"mule-http-proxy-extension\",
    \"version\": \"1.1.2\",
    \"classifier\": \"mule-plugin\"
  },
  \"dependency\": {
    \"groupId\": \"com.mulesoft.anypoint\",
    \"artifactId\": \"mule-rest-validator-extension\",
    \"version\": \"2.0.0\",
    \"classifier\": \"mule-plugin\",
    \"exclusions\": {
      \"exclusion\": {
        \"groupId\": \"org.mule.connectors\",
        \"artifactId\": \"mule-http-connector\"
      }
    }
  },
  \"dependency\": {
    \"groupId\": \"org.mule.connectors\",
    \"artifactId\": \"mule-http-connector\",
    \"version\": \"1.4.0\",
    \"classifier\": \"mule-plugin\"
  },
  \"dependency\": {
    \"groupId\": \"com.mulesoft.modules\",
    \"artifactId\": \"mule-secure-configuration-property-module\",
    \"version\": \"1.2.0\",
    \"classifier\": \"mule-plugin\"
  }
}"
"TFS","TEST","TFS","customer-profileinformation-proxy","customer-profileinformation-proxy-test","TFS-MuleAPIs-CustomerProfileInformation","https://github.tfs.toyota.com/api/v3/repos/EAS-Channel-Access-Services/TFS-MuleAPIs-CustomerProfileInformation","STARTED","4.2.2","Micro","0.1","1","micro","{
  \"dependency\": {
    \"groupId\": \"com.mulesoft.anypoint\",
    \"artifactId\": \"mule-http-proxy-extension\",
    \"version\": \"1.1.2\",
    \"classifier\": \"mule-plugin\"
  },
  \"dependency\": {
    \"groupId\": \"com.mulesoft.anypoint\",
    \"artifactId\": \"mule-rest-validator-extension\",
    \"version\": \"2.0.0\",
    \"classifier\": \"mule-plugin\",
    \"exclusions\": {
      \"exclusion\": {
        \"groupId\": \"org.mule.connectors\",
        \"artifactId\": \"mule-http-connector\"
      }
    }
  },
  \"dependency\": {
    \"groupId\": \"org.mule.connectors\",
    \"artifactId\": \"mule-http-connector\",
    \"version\": \"1.4.0\",
    \"classifier\": \"mule-plugin\"
  },
  \"dependency\": {
    \"groupId\": \"com.mulesoft.modules\",
    \"artifactId\": \"mule-secure-configuration-property-module\",
    \"version\": \"1.2.0\",
    \"classifier\": \"mule-plugin\"
  }
}"
"TFS","TEST","TFS","customer-payoffquote-proxy","customer-payoffquote-proxy-test","TFS-MuleAPIs-CustomerPayoffQuote","https://github.tfs.toyota.com/api/v3/repos/EAS-Channel-Access-Services/TFS-MuleAPIs-CustomerPayoffQuote","STARTED","4.2.2","Micro","0.1","1","micro","{
  \"dependency\": {
    \"groupId\": \"com.mulesoft.anypoint\",
    \"artifactId\": \"mule-http-proxy-extension\",
    \"version\": \"1.1.2\",
    \"classifier\": \"mule-plugin\"
  },
  \"dependency\": {
    \"groupId\": \"com.mulesoft.anypoint\",
    \"artifactId\": \"mule-rest-validator-extension\",
    \"version\": \"2.0.0\",
    \"classifier\": \"mule-plugin\",
    \"exclusions\": {
      \"exclusion\": {
        \"groupId\": \"org.mule.connectors\",
        \"artifactId\": \"mule-http-connector\"
      }
    }
  },
  \"dependency\": {
    \"groupId\": \"org.mule.connectors\",
    \"artifactId\": \"mule-http-connector\",
    \"version\": \"1.4.0\",
    \"classifier\": \"mule-plugin\"
  },
  \"dependency\": {
    \"groupId\": \"com.mulesoft.modules\",
    \"artifactId\": \"mule-secure-configuration-property-module\",
    \"version\": \"1.2.0\",
    \"classifier\": \"mule-plugin\"
  }
}"
"TFS","TEST","","","customer-agent-reports-test","","","STARTED","4.2.2","Micro","0.1","1","","null"
"TFS","TEST","","","mfin-user-account-services-test","","","UNDEPLOYED","4.2.1","Micro","0.1","1","","null"
"TFS","TEST","","","mfin-nice-bre-services-app-test","","","STARTED","4.2.2","Micro","0.1","1","","null"
"TFS","TEST","TFS","customer-bankruptcyhistory-proxy","customer-bankruptcyhistory-proxy-test","TFS-MuleAPIs-CustomerBankruptcyHistory","https://github.tfs.toyota.com/api/v3/repos/EAS-Channel-Access-Services/TFS-MuleAPIs-CustomerBankruptcyHistory","STARTED","4.2.2","Micro","0.1","1","micro","{
  \"dependency\": {
    \"groupId\": \"com.mulesoft.anypoint\",
    \"artifactId\": \"mule-http-proxy-extension\",
    \"version\": \"1.1.2\",
    \"classifier\": \"mule-plugin\"
  },
  \"dependency\": {
    \"groupId\": \"com.mulesoft.anypoint\",
    \"artifactId\": \"mule-rest-validator-extension\",
    \"version\": \"2.0.0\",
    \"classifier\": \"mule-plugin\",
    \"exclusions\": {
      \"exclusion\": {
        \"groupId\": \"org.mule.connectors\",
        \"artifactId\": \"mule-http-connector\"
      }
    }
  },
  \"dependency\": {
    \"groupId\": \"org.mule.connectors\",
    \"artifactId\": \"mule-http-connector\",
    \"version\": \"1.4.0\",
    \"classifier\": \"mule-plugin\"
  },
  \"dependency\": {
    \"groupId\": \"com.mulesoft.modules\",
    \"artifactId\": \"mule-secure-configuration-property-module\",
    \"version\": \"1.2.0\",
    \"classifier\": \"mule-plugin\"
  }
}"
"TFS","TEST","TFS","customer-latefeeinformation-proxy","customer-latefeeinformation-proxy-test","TFS-MuleAPIs-CustomerLateFeeInformation","https://github.tfs.toyota.com/api/v3/repos/EAS-Channel-Access-Services/TFS-MuleAPIs-CustomerLateFeeInformation","STARTED","4.2.2","Micro","0.1","1","micro","{
  \"dependency\": {
    \"groupId\": \"com.mulesoft.anypoint\",
    \"artifactId\": \"mule-http-proxy-extension\",
    \"version\": \"1.1.2\",
    \"classifier\": \"mule-plugin\"
  },
  \"dependency\": {
    \"groupId\": \"com.mulesoft.anypoint\",
    \"artifactId\": \"mule-rest-validator-extension\",
    \"version\": \"2.0.0\",
    \"classifier\": \"mule-plugin\",
    \"exclusions\": {
      \"exclusion\": {
        \"groupId\": \"org.mule.connectors\",
        \"artifactId\": \"mule-http-connector\"
      }
    }
  },
  \"dependency\": {
    \"groupId\": \"org.mule.connectors\",
    \"artifactId\": \"mule-http-connector\",
    \"version\": \"1.4.0\",
    \"classifier\": \"mule-plugin\"
  },
  \"dependency\": {
    \"groupId\": \"com.mulesoft.modules\",
    \"artifactId\": \"mule-secure-configuration-property-module\",
    \"version\": \"1.2.0\",
    \"classifier\": \"mule-plugin\"
  }
}"
"TFS","TEST","TFS","vehicle-insuranceclaimservice-app","vehicle-insuranceclaimservice-app-test","TFS-MuleAPIs-VehicleInsuranceClaimServiceAPP","https://github.tfs.toyota.com/api/v3/repos/EAS-Channel-Access-Services/TFS-MuleAPIs-VehicleInsuranceClaimServiceAPP","STARTED","4.2.2","Micro","0.1","1","micro","{
  \"dependency\": {
    \"groupId\": \"com.mulesoft.anypoint\",
    \"artifactId\": \"mule-http-proxy-extension\",
    \"version\": \"1.1.2\",
    \"classifier\": \"mule-plugin\"
  },
  \"dependency\": {
    \"groupId\": \"com.mulesoft.anypoint\",
    \"artifactId\": \"mule-rest-validator-extension\",
    \"version\": \"2.0.0\",
    \"classifier\": \"mule-plugin\",
    \"exclusions\": {
      \"exclusion\": {
        \"groupId\": \"org.mule.connectors\",
        \"artifactId\": \"mule-http-connector\"
      }
    }
  },
  \"dependency\": {
    \"groupId\": \"org.mule.connectors\",
    \"artifactId\": \"mule-http-connector\",
    \"version\": \"1.4.0\",
    \"classifier\": \"mule-plugin\"
  },
  \"dependency\": {
    \"groupId\": \"com.mulesoft.modules\",
    \"artifactId\": \"mule-secure-configuration-property-module\",
    \"version\": \"1.2.0\",
    \"classifier\": \"mule-plugin\"
  },
  \"dependency\": {
    \"groupId\": \"org.mule.modules\",
    \"artifactId\": \"mule-apikit-module\",
    \"version\": \"1.1.9\",
    \"classifier\": \"mule-plugin\"
  }
}"
"TFS","TEST","EAS3","vehicle-insuranceclaimservice-proxy","vehicle-insuranceclaimservice-proxy-test","TFS-MuleAPIs-VehicleInsuranceClaimService","https://github.tfs.toyota.com/api/v3/repos/EAS-Channel-Access-Services/TFS-MuleAPIs-VehicleInsuranceClaimService","STARTED","4.2.2","Micro","0.1","1","micro","{
  \"dependency\": {
    \"groupId\": \"com.mulesoft.anypoint\",
    \"artifactId\": \"mule-http-proxy-extension\",
    \"version\": \"1.1.2\",
    \"classifier\": \"mule-plugin\"
  },
  \"dependency\": {
    \"groupId\": \"com.mulesoft.anypoint\",
    \"artifactId\": \"mule-rest-validator-extension\",
    \"version\": \"2.0.0\",
    \"classifier\": \"mule-plugin\",
    \"exclusions\": {
      \"exclusion\": {
        \"groupId\": \"org.mule.connectors\",
        \"artifactId\": \"mule-http-connector\"
      }
    }
  },
  \"dependency\": {
    \"groupId\": \"org.mule.connectors\",
    \"artifactId\": \"mule-http-connector\",
    \"version\": \"1.4.0\",
    \"classifier\": \"mule-plugin\"
  },
  \"dependency\": {
    \"groupId\": \"com.mulesoft.modules\",
    \"artifactId\": \"mule-secure-configuration-property-module\",
    \"version\": \"1.2.0\",
    \"classifier\": \"mule-plugin\"
  },
  \"dependency\": {
    \"groupId\": \"org.mule.modules\",
    \"artifactId\": \"mule-apikit-module\",
    \"version\": \"1.1.9\",
    \"classifier\": \"mule-plugin\"
  }
}"
"TFS","TEST","","","kintolink-billing-services-test","","","UNDEPLOYED","4.2.1","Micro","0.1","1","","null"
"TFS","TEST","","","dealer-login-services-test","","","STARTED","4.2.1","Micro","0.1","1","","null"
"TFS","TEST","","","vehicle-duedatechange1-proxy-test","","","STARTED","4.2.2","Micro","0.1","1","","null"
"TFS","TEST","","","vehicle-duedatechange2-proxy-test","","","STARTED","4.2.2","Micro","0.1","1","","null"
"TFS","TEST","","","customer-accessprovisioning1-proxy-test","","","STARTED","4.2.2","Micro","0.1","1","","null"
"TFS","TEST","","","customer-accessprovisioning2-proxy-test","","","STARTED","4.2.2","Micro","0.1","1","","null"
"TFS","TEST","","","vehicle-latechargewaiver2-proxy-test","","","STARTED","4.2.2","Micro","0.1","1","","null"
"TFS","TEST","","","vehicle-latechargewaiver1-proxy-test","","","STARTED","4.2.2","Micro","0.1","1","","null"
"TFS","TEST","","","ratelookup-test","","","STARTED","4.2.1","Micro","0.1","1","","null"
"TFS","TEST","","","consumer-login-services-test","","","STARTED","4.2.2","Micro","0.1","1","","null"
"TFS","TEST","","","carleton-proxy-test","","","STARTED","4.2.1","Micro","0.1","1","","null"
"TFS","TEST","","","customer-accountdocs-proxy-test","","","STARTED","4.2.2","Micro","0.1","1","","null"
"TFS","TEST","","","datscan-authentication-test","","","STARTED","4.2.2","Micro","0.1","1","","null"
"TFS","TEST","","","datascan-api-test","","","STARTED","4.2.2","Micro","0.1","1","","null"
"TFS","TEST","","","exp-payoffquote-test","","","STARTED","4.2.1","Micro","0.1","1","","null"
"TFS","TEST","","","pricing-residual-proxy-test","","","DEPLOY_FAILED","4.2.1","Micro","0.1","1","","null"
"TFS","TEST","","","ticketing-services-proxy-test","","","STARTED","4.2.1","Micro","0.1","1","","null"
"TFS","TEST","","","sap-corporatefunctions-test","","","STARTED","4.2.2","Micro","0.1","1","","null"
"TFS","TEST","","","citi-kubra-payments-test","","","STARTED","4.2.1","Micro","0.1","1","","null"
"TFS","TEST","","","atom-marketdata-test","","","STARTED","4.2.1","Micro","0.1","1","","null"
"TFS","TEST","EAS1","tmcc-customer-demographiclookup","tmcc-customer-demographiclookup-test","TFS-MuleAPIs-TMCC-CustomerDemographicLookup-Proxy","https://github.tfs.toyota.com/api/v3/repos/EAS-Channel-Access-Services/TFS-MuleAPIs-TMCC-CustomerDemographicLookup-Proxy","STARTED","4.2.2","Micro","0.1","1","micro","{
  \"dependency\": {
    \"groupId\": \"com.mulesoft.anypoint\",
    \"artifactId\": \"mule-http-proxy-extension\",
    \"version\": \"1.1.2\",
    \"classifier\": \"mule-plugin\"
  },
  \"dependency\": {
    \"groupId\": \"org.mule.connectors\",
    \"artifactId\": \"mule-http-connector\",
    \"version\": \"1.5.7\",
    \"classifier\": \"mule-plugin\"
  },
  \"dependency\": {
    \"groupId\": \"org.mule.modules\",
    \"artifactId\": \"mule-oauth-module\",
    \"version\": \"1.1.7\",
    \"classifier\": \"mule-plugin\"
  },
  \"dependency\": {
    \"groupId\": \"org.mule.connectors\",
    \"artifactId\": \"mule-objectstore-connector\",
    \"version\": \"1.1.3\",
    \"classifier\": \"mule-plugin\"
  }
}"
"TFS","TEST","","","dealer-signal-test","","","STARTED","4.2.1","Micro","0.1","1","","null"
"TFS","TEST","","","dealerstatementspdf-test","","","STARTED","4.2.1","Micro","0.1","1","","null"
"TFS","TEST","TFS","auto-lending-services","auto-lending-services-test","TFS-MuleAPIs-AutoLendingServices","https://github.tfs.toyota.com/api/v3/repos/EAS-Channel-Access-Services/TFS-MuleAPIs-AutoLendingServices","STARTED","4.2.2","Micro","0.1","2","small","{
  \"appRuntime\": \"4.2.2\",
  \"dependency\": {
    \"groupId\": \"com.mulesoft.anypoint\",
    \"artifactId\": \"mule-http-proxy-extension\",
    \"version\": \"1.1.2\",
    \"classifier\": \"mule-plugin\"
  },
  \"dependency\": {
    \"groupId\": \"com.mulesoft.anypoint\",
    \"artifactId\": \"mule-rest-validator-extension\",
    \"version\": \"2.1.0\",
    \"classifier\": \"mule-plugin\",
    \"exclusions\": {
      \"exclusion\": {
        \"groupId\": \"org.mule.connectors\",
        \"artifactId\": \"mule-http-connector\"
      }
    }
  },
  \"dependency\": {
    \"groupId\": \"com.mulesoft.modules\",
    \"artifactId\": \"mule-secure-configuration-property-module\",
    \"version\": \"1.2.0\",
    \"classifier\": \"mule-plugin\"
  },
  \"dependency\": {
    \"groupId\": \"org.mule.connectors\",
    \"artifactId\": \"mule-http-connector\",
    \"version\": \"1.5.7\",
    \"classifier\": \"mule-plugin\"
  },
  \"dependency\": {
    \"groupId\": \"org.mule.modules\",
    \"artifactId\": \"mule-oauth-module\",
    \"version\": \"1.1.8\",
    \"classifier\": \"mule-plugin\"
  },
  \"dependency\": {
    \"groupId\": \"org.mule.connectors\",
    \"artifactId\": \"mule-objectstore-connector\",
    \"version\": \"1.1.3\",
    \"classifier\": \"mule-plugin\"
  }
}"
"TFS","TEST","","","genesys-breservices-test","","","STARTED","4.2.1","Micro","0.1","1","","null"
"TFS","TEST","","","mfin-nice-bre-services-test","","","STARTED","4.2.1","Micro","0.1","1","","null"
"TFS","TEST","TFS","vehicle-insuranceapplication-proxy","vehicle-insuranceapplication-proxy-test","TFS-MuleAPIs-VehicleInsuranceApplication","https://github.tfs.toyota.com/api/v3/repos/EAS-Channel-Access-Services/TFS-MuleAPIs-VehicleInsuranceApplication","STARTED","4.2.2","Micro","0.1","1","micro","{
  \"dependency\": {
    \"groupId\": \"com.mulesoft.anypoint\",
    \"artifactId\": \"mule-http-proxy-extension\",
    \"version\": \"1.1.1\",
    \"classifier\": \"mule-plugin\"
  },
  \"dependency\": {
    \"groupId\": \"org.mule.connectors\",
    \"artifactId\": \"mule-http-connector\",
    \"version\": \"1.4.0\",
    \"classifier\": \"mule-plugin\"
  },
  \"dependency\": {
    \"groupId\": \"com.mulesoft.modules\",
    \"artifactId\": \"mule-secure-configuration-property-module\",
    \"version\": \"1.2.0\",
    \"classifier\": \"mule-plugin\"
  }
}"
"TFS","TEST","","","enterprise-documentlake-services-test","","","STARTED","4.2.1","Micro","0.1","1","","null"
"TFS","TEST","","","communication-services-test","","","STARTED","4.2.2","Micro","0.1","1","","null"
"TFS","TEST","EAS1","nice-bre-services","nice-bre-services-test","TFS-MuleAPIs-NICE-BREServices-proxy","https://github.tfs.toyota.com/api/v3/repos/EAS-Channel-Access-Services/TFS-MuleAPIs-NICE-BREServices-proxy","STARTED","4.2.1","Micro","0.1","1","micro","{
  \"appRuntime\": \"4.1.5\",
  \"dependency\": {
    \"groupId\": \"com.mulesoft.anypoint\",
    \"artifactId\": \"mule-http-proxy-extension\",
    \"version\": \"1.1.2\",
    \"classifier\": \"mule-plugin\"
  },
  \"dependency\": {
    \"groupId\": \"com.mulesoft.anypoint\",
    \"artifactId\": \"mule-rest-validator-extension\",
    \"version\": \"2.0.0\",
    \"classifier\": \"mule-plugin\",
    \"exclusions\": {
      \"exclusion\": {
        \"groupId\": \"org.mule.connectors\",
        \"artifactId\": \"mule-http-connector\"
      }
    }
  },
  \"dependency\": {
    \"groupId\": \"org.mule.connectors\",
    \"artifactId\": \"mule-http-connector\",
    \"version\": \"1.4.0\",
    \"classifier\": \"mule-plugin\"
  }
}"
"TFS","TEST","TFS","customer-lease-terming-1","customer-lease-terming-1-test","TFS-MuleAPIs-CustomerLeaseTerming-1","https://github.tfs.toyota.com/api/v3/repos/EAS-Channel-Access-Services/TFS-MuleAPIs-CustomerLeaseTerming-1","STARTED","4.2.1","Micro","0.1","1","small","{
  \"dependency\": {
    \"groupId\": \"com.mulesoft.anypoint\",
    \"artifactId\": \"mule-http-proxy-extension\",
    \"version\": \"1.1.2\",
    \"classifier\": \"mule-plugin\"
  },
  \"dependency\": {
    \"groupId\": \"com.mulesoft.anypoint\",
    \"artifactId\": \"mule-rest-validator-extension\",
    \"version\": \"2.1.0\",
    \"classifier\": \"mule-plugin\",
    \"exclusions\": {
      \"exclusion\": {
        \"groupId\": \"org.mule.connectors\",
        \"artifactId\": \"mule-http-connector\"
      }
    }
  },
  \"dependency\": {
    \"groupId\": \"org.mule.connectors\",
    \"artifactId\": \"mule-http-connector\",
    \"version\": \"1.5.7\",
    \"classifier\": \"mule-plugin\"
  },
  \"dependency\": {
    \"groupId\": \"com.mulesoft.modules\",
    \"artifactId\": \"mule-secure-configuration-property-module\",
    \"version\": \"1.1.0\",
    \"classifier\": \"mule-plugin\"
  }
}"
"TFS","TEST","","","web-consumerwebaccessmanagement-test","","","STARTED","4.2.2","Micro","0.1","1","","null"
"TFS","TEST","","","web-exp-payoffquote-test","","","STARTED","4.2.1","Micro","0.1","1","","null"
"TFS","TEST","","","web-duedatechange-test","","","STARTED","4.2.2","Micro","0.1","1","","null"
"TFS","TEST","","","web-statetransfer-test","","","STARTED","4.2.2","Micro","0.1","1","","null"
"TFS","TEST","","","web-payoffquote-test","","","STARTED","4.2.2","Micro","0.1","1","","null"
"TFS","TEST","","","web-supportcenter-test","","","STARTED","4.2.2","Micro","0.1","1","","null"
"TFS","TEST","","","web-titletracker-test","","","STARTED","4.2.2","Micro","0.1","1","","null"
"TFS","TEST","","","mfin-dealerlookup-services-test","","","STARTED","4.2.2","Micro","0.1","1","","null"
"TFS","TEST","","","web-cas-cdar-test","","","STARTED","4.2.1","Micro","0.1","1","","null"
"TFS","TEST","","","testing-cicd-eas1-test","","","STARTED","4.2.2","Micro","0.1","1","","null"
"TFS","TEST","","","web-exp-authorizedparties-test","","","STARTED","4.1.4","Micro","0.1","1","","null"
"TFS","TEST","TFS","customer-lease-terming-sys-app-proxy","customer-lease-terming-sys-app-proxy-test","TFS-MuleAPIs-CustomerLeaseTerming-Sys-Proxy","https://github.tfs.toyota.com/api/v3/repos/EAS-Channel-Access-Services/TFS-MuleAPIs-CustomerLeaseTerming-Sys-Proxy","STARTED","4.2.2","Micro","0.1","1","small","{
  \"dependency\": {
    \"groupId\": \"com.mulesoft.anypoint\",
    \"artifactId\": \"mule-http-proxy-extension\",
    \"version\": \"1.1.2\",
    \"classifier\": \"mule-plugin\"
  },
  \"dependency\": {
    \"groupId\": \"com.mulesoft.anypoint\",
    \"artifactId\": \"mule-rest-validator-extension\",
    \"version\": \"2.1.0\",
    \"classifier\": \"mule-plugin\",
    \"exclusions\": {
      \"exclusion\": {
        \"groupId\": \"org.mule.connectors\",
        \"artifactId\": \"mule-http-connector\"
      }
    }
  },
  \"dependency\": {
    \"groupId\": \"org.mule.connectors\",
    \"artifactId\": \"mule-http-connector\",
    \"version\": \"1.5.7\",
    \"classifier\": \"mule-plugin\"
  }
}"
"TFS","TEST","","","web-tmcc-customer-demographiclookup-test","","","UNDEPLOYED","4.2.1","Micro","0.1","1","","null"
"TFS","TEST","","","web-kintolink-billing-services-test","","","STARTED","4.2.1","Micro","0.1","1","","null"
"TFS","TEST","","","web-dealertc-proxy-test","","","STARTED","4.2.1","Micro","0.1","1","","null"
"TFS","TEST","","","web-dealerprofile-proxy-test","","","STARTED","4.2.1","Micro","0.1","1","","null"
"TFS","TEST","TFS","web-dealerlookup-proxy","web-dealerlookup-proxy-test","TFS-MuleAPIs-DealerLookup-Proxy","https://github.tfs.toyota.com/api/v3/repos/EAS-Channel-Access-Services/TFS-MuleAPIs-DealerLookup-Proxy","STARTED","4.2.2","Micro","0.1","1","micro","{
  \"dependency\": {
    \"groupId\": \"com.mulesoft.anypoint\",
    \"artifactId\": \"mule-http-proxy-extension\",
    \"version\": \"1.1.2\",
    \"classifier\": \"mule-plugin\"
  },
  \"dependency\": {
    \"groupId\": \"com.mulesoft.anypoint\",
    \"artifactId\": \"mule-rest-validator-extension\",
    \"version\": \"2.1.0\",
    \"classifier\": \"mule-plugin\",
    \"exclusions\": {
      \"exclusion\": {
        \"groupId\": \"org.mule.connectors\",
        \"artifactId\": \"mule-http-connector\"
      }
    }
  },
  \"dependency\": {
    \"groupId\": \"org.mule.connectors\",
    \"artifactId\": \"mule-http-connector\",
    \"version\": \"1.5.6\",
    \"classifier\": \"mule-plugin\"
  },
  \"dependency\": {
    \"groupId\": \"com.mulesoft.modules\",
    \"artifactId\": \"mule-secure-configuration-property-module\",
    \"version\": \"1.2.0\",
    \"classifier\": \"mule-plugin\"
  }
}"
"TFS","TEST","","","web-dealer-login-services-test","","","STARTED","4.2.1","Micro","0.1","1","","null"
"TFS","TEST","","","routeonerestservices-test","","","STARTED","4.1.4","Micro","0.1","1","","null"
"TFS","TEST","","","sfdc-taskcreation-promise-to-pay-test","","","STARTED","4.2.1","Micro","0.1","1","","null"
"TFS","TEST","","","web-ocainboundservices-test","","","STARTED","4.2.2","Micro","0.1","1","","null"
"TFS","TEST","","","consumerlease-terming-sys-test","","","STARTED","4.2.2","Micro","0.1","1","","null"
"TFS","TEST","","","net-connectivity-tools-test","","","STARTED","4.2.2","Micro","0.1","1","","null"
"TFS","TEST","","","web-mfin-user-account-services-test","","","STARTED","4.2.1","Micro","0.1","1","","null"
"TFS","TEST","","","basicauth-provider-test","","","STARTED","4.2.2","Micro","0.1","1","","null"
"TFS","TEST","","","web-accept-proxy-test","","","STARTED","4.2.2","Micro","0.1","1","","null"
"TFS","TEST","","","tmcc-demographiclookup-sys-test","","","STARTED","4.2.2","Micro","0.1","1","","null"
"TFS","TEST","","","web-consumeraccessmanagement-test","","","STARTED","4.2.2","Micro","0.1","1","","null"
"TFS","TEST","","","web-dealer-kintloink-achreport-test","","","STARTED","4.2.1","Micro","0.1","1","","null"
"TFS","TEST","","","web-dealerportal-login-services-test","","","STARTED","4.2.2","Micro","0.1","1","","null"
"TFS","TEST","","","tfs-muleapis-dealersmdm-sys-test","","","STARTED","4.2.2","Micro","0.1","1","","null"
"TFS","TEST","","","web-consumerportal-login-services-test","","","UNDEPLOYED","4.2.2","Micro","0.1","1","","null"
"TFS","TEST","","","authorizedparty-test","","","STARTED","4.2.1","Micro","0.1","1","","null"
"TFS","TEST","","","web-authorizedparty-test","","","STARTED","4.2.2","Micro","0.1","1","","null"
"TFS","TEST","","","genesys-breservices-sys-test","","","STARTED","4.2.2","Micro","0.1","1","","null"
"TFS","TEST","TFS","vehicle-quoteinformation-proxy","vehicle-quoteinformation-proxy-test","TFS-MuleAPIs-VehicleQuoteInformation","https://github.tfs.toyota.com/api/v3/repos/EAS-Channel-Access-Services/TFS-MuleAPIs-VehicleQuoteInformation","STARTED","4.2.2","Micro","0.1","1","micro","{
  \"dependency\": {
    \"groupId\": \"com.mulesoft.anypoint\",
    \"artifactId\": \"mule-http-proxy-extension\",
    \"version\": \"1.1.2\",
    \"classifier\": \"mule-plugin\"
  },
  \"dependency\": {
    \"groupId\": \"com.mulesoft.anypoint\",
    \"artifactId\": \"mule-rest-validator-extension\",
    \"version\": \"2.0.0\",
    \"classifier\": \"mule-plugin\",
    \"exclusions\": {
      \"exclusion\": {
        \"groupId\": \"org.mule.connectors\",
        \"artifactId\": \"mule-http-connector\"
      }
    }
  },
  \"dependency\": {
    \"groupId\": \"org.mule.connectors\",
    \"artifactId\": \"mule-http-connector\",
    \"version\": \"1.4.0\",
    \"classifier\": \"mule-plugin\"
  },
  \"dependency\": {
    \"groupId\": \"com.mulesoft.modules\",
    \"artifactId\": \"mule-secure-configuration-property-module\",
    \"version\": \"1.2.0\",
    \"classifier\": \"mule-plugin\"
  }
}"
"TFS","TEST","TFS","sales-disclosureinformation-proxy","sales-disclosureinformation-proxy-test","TFS-MuleAPIs-SalesDisclosureInformation","https://github.tfs.toyota.com/api/v3/repos/EAS-Channel-Access-Services/TFS-MuleAPIs-SalesDisclosureInformation","STARTED","4.2.2","Micro","0.1","1","micro","{
  \"dependency\": {
    \"groupId\": \"com.mulesoft.anypoint\",
    \"artifactId\": \"mule-http-proxy-extension\",
    \"version\": \"1.1.2\",
    \"classifier\": \"mule-plugin\"
  },
  \"dependency\": {
    \"groupId\": \"com.mulesoft.anypoint\",
    \"artifactId\": \"mule-rest-validator-extension\",
    \"version\": \"2.1.0\",
    \"classifier\": \"mule-plugin\",
    \"exclusions\": {
      \"exclusion\": {
        \"groupId\": \"org.mule.connectors\",
        \"artifactId\": \"mule-http-connector\"
      }
    }
  },
  \"dependency\": {
    \"groupId\": \"org.mule.connectors\",
    \"artifactId\": \"mule-http-connector\",
    \"version\": \"1.5.7\",
    \"classifier\": \"mule-plugin\"
  },
  \"dependency\": {
    \"groupId\": \"com.mulesoft.modules\",
    \"artifactId\": \"mule-secure-configuration-property-module\",
    \"version\": \"1.2.0\",
    \"classifier\": \"mule-plugin\"
  }
}"
"TFS","TEST","","","web-consumer-login-services-test","","","STARTED","4.2.2","Micro","0.1","1","","null"
"TFS","TEST","","","dcolaservice-test","","","STARTED","4.2.2","Micro","0.1","1","","null"
"TFS","TEST","","","snow-test","","","UNDEPLOYED","4.2.2","Micro","0.1","1","","null"
"TFS","TEST","","","vehiclesubscription-test","","","STARTED","4.2.2","Micro","0.1","1","","null"
"TFS","TEST","","","vehicle-ppmclaimsservice-proxy-test","","","STARTED","4.2.2","Micro","0.1","1","","null"
"TFS","TEST","","","vehicle-ppmclaimsservice-app-test","","","STARTED","4.2.2","Micro","0.1","1","","null"
"TFS","TEST","TFS","customer-addressservice-proxy","customer-addressservice-proxy-test","TFS-MuleAPIs-CustomerAddressService","https://github.tfs.toyota.com/api/v3/repos/EAS-Channel-Access-Services/TFS-MuleAPIs-CustomerAddressService","STARTED","4.2.2","Micro","0.1","1","micro","{
  \"dependency\": {
    \"groupId\": \"com.mulesoft.anypoint\",
    \"artifactId\": \"mule-http-proxy-extension\",
    \"version\": \"1.1.1\",
    \"classifier\": \"mule-plugin\"
  },
  \"dependency\": {
    \"groupId\": \"org.mule.connectors\",
    \"artifactId\": \"mule-http-connector\",
    \"version\": \"1.4.0\",
    \"classifier\": \"mule-plugin\"
  },
  \"dependency\": {
    \"groupId\": \"com.mulesoft.modules\",
    \"artifactId\": \"mule-secure-configuration-property-module\",
    \"version\": \"1.2.0\",
    \"classifier\": \"mule-plugin\"
  }
}"
"TFS","TEST","TFS","customer-insagreementhistory-proxy","customer-insagreementhistory-proxy-test","TFS-MuleAPIs-CustomerInsuranceAgreementHistory","https://github.tfs.toyota.com/api/v3/repos/EAS-Channel-Access-Services/TFS-MuleAPIs-CustomerInsuranceAgreementHistory","STARTED","4.2.2","Micro","0.1","1","micro","{
  \"dependency\": {
    \"groupId\": \"com.mulesoft.anypoint\",
    \"artifactId\": \"mule-http-proxy-extension\",
    \"version\": \"1.1.2\",
    \"classifier\": \"mule-plugin\"
  },
  \"dependency\": {
    \"groupId\": \"com.mulesoft.anypoint\",
    \"artifactId\": \"mule-rest-validator-extension\",
    \"version\": \"2.0.0\",
    \"classifier\": \"mule-plugin\",
    \"exclusions\": {
      \"exclusion\": {
        \"groupId\": \"org.mule.connectors\",
        \"artifactId\": \"mule-http-connector\"
      }
    }
  },
  \"dependency\": {
    \"groupId\": \"org.mule.connectors\",
    \"artifactId\": \"mule-http-connector\",
    \"version\": \"1.4.0\",
    \"classifier\": \"mule-plugin\"
  },
  \"dependency\": {
    \"groupId\": \"com.mulesoft.modules\",
    \"artifactId\": \"mule-secure-configuration-property-module\",
    \"version\": \"1.2.0\",
    \"classifier\": \"mule-plugin\"
  }
}"
"TFS","TEST","","","customer-insagreementstatus-proxy-test","","","STARTED","4.2.2","Micro","0.1","1","","null"
"TFS","TEST","","","sagent-register-services-test","","","STARTED","4.2.2","Micro","0.1","1","","null"
"TFS","TEST","","","web-customer-statementservices-proxy-test","","","STARTED","4.2.2","Micro","0.1","1","","null"
"TFS","TEST","","","web-customer-selfservices-proxy-test","","","STARTED","4.2.2","Micro","0.1","1","","null"
"TFS","TEST","","","web-customer-paymentservices-proxy-test","","","STARTED","4.2.2","Micro","0.1","1","","null"
"TFS","TEST","","","web-customer-profileservices-proxy-test","","","STARTED","4.2.2","Micro","0.1","1","","null"
"TFS","TEST","","","web-dealer-information-proxy-test","","","STARTED","4.2.2","Micro","0.1","1","","null"
"TFS","TEST","","","web-customer-mfaservice-proxy-test","","","STARTED","4.2.2","Micro","0.1","1","","null"
"TFS","TEST","","","web-vehicle-paymentestimation-proxy-test","","","STARTED","4.2.2","Micro","0.1","1","","null"
"TFS","TEST","","","sfdc-mfs-authentication-api-test","","","STARTED","4.2.2","Micro","0.1","1","","null"
"TFS","TEST","","","web-customer-paymentinformation-proxy-test","","","STARTED","4.2.2","Micro","0.1","1","","null"
"TFS","TEST","","","web-customer-accountservices-proxy-test","","","STARTED","4.2.2","Micro","0.1","1","","null"
"TFS","TEST","","","web-vehicle-insuranceservice-proxy-test","","","STARTED","4.2.2","Micro","0.1","1","","null"
"TFS","TEST","","","web-vehicle-localoffers-proxy-test","","","STARTED","4.2.2","Micro","0.1","1","","null"
"TFS","TEST","","","supportcenter-test","","","STARTED","4.2.2","Micro","0.1","1","","null"
"TFS","TEST","","","wu-paymentservices-test","","","STARTED","4.2.2","Micro","0.1","1","","null"
"TFS","TEST","","","web-auhtorizedparty-test","","","STARTED","4.2.2","Micro","0.1","1","","null"
"TFS","TEST","TFS","customer-accountclosedinfo-proxy","customer-accountclosedinfo-proxy-test","TFS-MuleAPIs-AccountClosedInformation","https://github.tfs.toyota.com/api/v3/repos/EAS-Channel-Access-Services/TFS-MuleAPIs-AccountClosedInformation","STARTED","4.2.2","Micro","0.1","1","micro","{
  \"dependency\": {
    \"groupId\": \"com.mulesoft.anypoint\",
    \"artifactId\": \"mule-http-proxy-extension\",
    \"version\": \"1.1.1\",
    \"classifier\": \"mule-plugin\"
  },
  \"dependency\": {
    \"groupId\": \"org.mule.connectors\",
    \"artifactId\": \"mule-http-connector\",
    \"version\": \"1.4.0\",
    \"classifier\": \"mule-plugin\"
  },
  \"dependency\": {
    \"groupId\": \"com.mulesoft.modules\",
    \"artifactId\": \"mule-secure-configuration-property-module\",
    \"version\": \"1.2.0\",
    \"classifier\": \"mule-plugin\"
  }
}"
"TFS","TEST","","","payment-ruleengine-service-test","","","STARTED","4.2.2","Micro","0.1","1","","null"
"TFS","TEST","TFS","customer-insuranceagreement-proxy","customer-insuranceagreement-proxy-test","TFS-MuleAPIs-CustomerInsuranceAgreement","https://github.tfs.toyota.com/api/v3/repos/EAS-Channel-Access-Services/TFS-MuleAPIs-CustomerInsuranceAgreement","STARTED","4.2.2","Micro","0.1","1","micro","{
  \"dependency\": {
    \"groupId\": \"com.mulesoft.anypoint\",
    \"artifactId\": \"mule-http-proxy-extension\",
    \"version\": \"1.1.1\",
    \"classifier\": \"mule-plugin\"
  },
  \"dependency\": {
    \"groupId\": \"org.mule.connectors\",
    \"artifactId\": \"mule-http-connector\",
    \"version\": \"1.4.0\",
    \"classifier\": \"mule-plugin\"
  },
  \"dependency\": {
    \"groupId\": \"com.mulesoft.modules\",
    \"artifactId\": \"mule-secure-configuration-property-module\",
    \"version\": \"1.2.0\",
    \"classifier\": \"mule-plugin\"
  }
}"
"TFS","TEST","","","vehicle-ppmagreementinfo-proxy-test","","","UNDEPLOYED","4.2.2","Micro","0.1","1","","null"
"TFS","TEST","TFS","web-vehicle-modelservice-proxy","web-vehicle-modelservice-proxy-test","TFS-MuleAPIs-VehicleModelService","https://github.tfs.toyota.com/api/v3/repos/EAS-Channel-Access-Services/TFS-MuleAPIs-VehicleModelService","STARTED","4.2.2","Micro","0.1","1","small","{
  \"dependency\": {
    \"groupId\": \"com.mulesoft.anypoint\",
    \"artifactId\": \"mule-http-proxy-extension\",
    \"version\": \"1.1.2\",
    \"classifier\": \"mule-plugin\"
  },
  \"dependency\": {
    \"groupId\": \"com.mulesoft.anypoint\",
    \"artifactId\": \"mule-rest-validator-extension\",
    \"version\": \"2.0.0\",
    \"classifier\": \"mule-plugin\",
    \"exclusions\": {
      \"exclusion\": {
        \"groupId\": \"org.mule.connectors\",
        \"artifactId\": \"mule-http-connector\"
      }
    }
  },
  \"dependency\": {
    \"groupId\": \"org.mule.connectors\",
    \"artifactId\": \"mule-http-connector\",
    \"version\": \"1.4.0\",
    \"classifier\": \"mule-plugin\"
  },
  \"dependency\": {
    \"groupId\": \"org.mule.modules\",
    \"artifactId\": \"mule-apikit-module\",
    \"version\": \"1.1.9\",
    \"classifier\": \"mule-plugin\"
  },
  \"dependency\": {
    \"groupId\": \"com.mulesoft.modules\",
    \"artifactId\": \"mule-secure-configuration-property-module\",
    \"version\": \"1.2.0\",
    \"classifier\": \"mule-plugin\"
  }
}"
"TFS","TEST","TFS","web-dealer-locatorservice-proxy","web-dealer-locatorservice-proxy-test","TFS-MuleAPIs-DealerLocatorService","https://github.tfs.toyota.com/api/v3/repos/EAS-Channel-Access-Services/TFS-MuleAPIs-DealerLocatorService","STARTED","4.2.2","Micro","0.1","1","micro","{
  \"dependency\": {
    \"groupId\": \"com.mulesoft.anypoint\",
    \"artifactId\": \"mule-http-proxy-extension\",
    \"version\": \"1.1.2\",
    \"classifier\": \"mule-plugin\"
  },
  \"dependency\": {
    \"groupId\": \"com.mulesoft.anypoint\",
    \"artifactId\": \"mule-rest-validator-extension\",
    \"version\": \"2.1.0\",
    \"classifier\": \"mule-plugin\",
    \"exclusions\": {
      \"exclusion\": {
        \"groupId\": \"org.mule.connectors\",
        \"artifactId\": \"mule-http-connector\"
      }
    }
  },
  \"dependency\": {
    \"groupId\": \"org.mule.connectors\",
    \"artifactId\": \"mule-http-connector\",
    \"version\": \"1.5.7\",
    \"classifier\": \"mule-plugin\"
  },
  \"dependency\": {
    \"groupId\": \"com.mulesoft.modules\",
    \"artifactId\": \"mule-secure-configuration-property-module\",
    \"version\": \"1.2.0\",
    \"classifier\": \"mule-plugin\"
  }
}"
"TFS","TEST","TFS","web-validatezipcode-proxy","web-validatezipcode-proxy-test","TFS-MuleAPIs-ValidateZIPCode","https://github.tfs.toyota.com/api/v3/repos/EAS-Channel-Access-Services/TFS-MuleAPIs-ValidateZIPCode","STARTED","4.2.2","Micro","0.1","1","micro","{
  \"dependency\": {
    \"groupId\": \"com.mulesoft.anypoint\",
    \"artifactId\": \"mule-http-proxy-extension\",
    \"version\": \"1.1.2\",
    \"classifier\": \"mule-plugin\"
  },
  \"dependency\": {
    \"groupId\": \"com.mulesoft.anypoint\",
    \"artifactId\": \"mule-rest-validator-extension\",
    \"version\": \"2.1.0\",
    \"classifier\": \"mule-plugin\",
    \"exclusions\": {
      \"exclusion\": {
        \"groupId\": \"org.mule.connectors\",
        \"artifactId\": \"mule-http-connector\"
      }
    }
  },
  \"dependency\": {
    \"groupId\": \"org.mule.connectors\",
    \"artifactId\": \"mule-http-connector\",
    \"version\": \"1.5.7\",
    \"classifier\": \"mule-plugin\"
  },
  \"dependency\": {
    \"groupId\": \"com.mulesoft.modules\",
    \"artifactId\": \"mule-secure-configuration-property-module\",
    \"version\": \"1.2.0\",
    \"classifier\": \"mule-plugin\"
  }
}"
"TFS","TEST","EAS1","payoffquote","payoffquote-test","TFS-MuleAPIs-PayoffQuote","https://github.tfs.toyota.com/api/v3/repos/EAS-Channel-Access-Services/TFS-MuleAPIs-PayoffQuote","STARTED","4.2.2","Micro","0.1","1","micro","{
  \"dependency\": {
    \"groupId\": \"com.mulesoft.anypoint\",
    \"artifactId\": \"mule-http-proxy-extension\",
    \"version\": \"1.1.2\",
    \"classifier\": \"mule-plugin\"
  },
  \"dependency\": {
    \"groupId\": \"com.mulesoft.anypoint\",
    \"artifactId\": \"mule-rest-validator-extension\",
    \"version\": \"2.1.0\",
    \"classifier\": \"mule-plugin\"
  },
  \"dependency\": {
    \"groupId\": \"org.mule.connectors\",
    \"artifactId\": \"mule-http-connector\",
    \"version\": \"1.5.11\",
    \"classifier\": \"mule-plugin\"
  }
}"
"TFS","TEST","","","titletracker-test","","","STARTED","4.2.2","Micro","0.1","1","","null"
"TFS","TEST","","","duedatechange-test","","","STARTED","4.2.2","Micro","0.1","1","","null"
"TFS","TEST","","","statetransfer-test","","","STARTED","4.2.2","Micro","0.1","1","","null"
"TFS","TEST","","","customer-servicerequest-creation-test","","","UNDEPLOYED","4.2.2","Micro","0.1","1","","null"
"TFS","TEST","","","customer-service-request-test","","","STARTED","4.2.2","Micro","0.1","1","","null"
"TFS","TEST","","","wu-payment-service-sys-test","","","STARTED","4.2.2","Micro","0.1","1","","null"
"TFS","TEST","","","web-legacyocaservices-test","","","STARTED","4.2.2","Micro","0.1","1","","null"
"TFS","TEST","","","web-consumeraccess-test","","","STARTED","4.2.2","Micro","0.1","1","","null"
"TFS","TEST","","","callmenow-test","","","STARTED","4.2.2","Micro","0.1","1","","null"
"TFS","TEST","","","customer-service-request-sys-test","","","STARTED","4.2.2","Micro","0.1","1","","null"
"TFS","TEST","","","customer-onetrust-enrichment-api-test","","","STARTED","4.2.2","Micro","0.1","1","","null"
"TFS","TEST","","","web-customer-onetrust-enrich-service-test","","","STARTED","4.2.2","Micro","0.1","1","","null"
"TFS","TEST","","","genesys-ocs-services-test","","","STARTED","4.2.2","Micro","0.1","1","","null"
"TFS","TEST","","","genesys-ocs-services-api-test","","","STARTED","4.2.2","Micro","0.1","1","","null"
"TFS","TEST","","","defi-services-api-test","","","STARTED","4.2.2","Micro","0.1","1","","null"
"TFS","TEST","","","mfin-fiservbiller-services-test","","","STARTED","4.2.2","Micro","0.1","1","","null"
"TFS","TEST","","","srm-insurance-document-id-test","","","STARTED","4.2.2","Micro","0.1","1","","null"
"TFS","TEST","","","gap-insuranceforms-test","","","STARTED","4.2.2","Micro","0.1","1","","null"
"TFS","TEST","","","adobeforms-test","","","STARTED","4.2.2","Micro","0.1","1","","null"
"TFS","TEST","","","defi-services-test","","","STARTED","4.2.2","Micro","0.1","1","","null"
"TFS","TEST","","","generateforms-test","","","STARTED","4.2.2","Micro","0.1","1","","null"
"TFS","TEST","TFS","customer-lease-terming-2","customer-lease-terming-2-test","TFS-MuleAPIs-CustomerLeaseTerming-2","https://github.tfs.toyota.com/api/v3/repos/EAS-Channel-Access-Services/TFS-MuleAPIs-CustomerLeaseTerming-2","STARTED","4.2.2","Micro","0.1","1","small","{
  \"dependency\": {
    \"groupId\": \"com.mulesoft.anypoint\",
    \"artifactId\": \"mule-http-proxy-extension\",
    \"version\": \"1.1.2\",
    \"classifier\": \"mule-plugin\"
  },
  \"dependency\": {
    \"groupId\": \"com.mulesoft.anypoint\",
    \"artifactId\": \"mule-rest-validator-extension\",
    \"version\": \"2.1.0\",
    \"classifier\": \"mule-plugin\"
  },
  \"dependency\": {
    \"groupId\": \"org.mule.connectors\",
    \"artifactId\": \"mule-http-connector\",
    \"version\": \"1.5.7\",
    \"classifier\": \"mule-plugin\"
  },
  \"dependency\": {
    \"groupId\": \"com.mulesoft.modules\",
    \"artifactId\": \"mule-secure-configuration-property-module\",
    \"version\": \"1.1.0\",
    \"classifier\": \"mule-plugin\"
  }
}"
"TFS","TEST","","","consumerlease-deferral-2-test","","","STARTED","4.2.2","Micro","0.1","1","","null"
"TFS","TEST","","","consumerlease-deferral-1-test","","","STARTED","4.2.2","Micro","0.1","1","","null"
"TFS","TEST","","","mfin-consumer-retrieveinfo-test","","","STARTED","4.2.2","Micro","0.1","1","","null"
"TFS","TEST","","","null-test","","","STARTED","4.2.2","Micro","0.1","1","","null"
"TFS","TEST","","","epic-insurance-document-id-test","","","STARTED","4.2.2","Micro","0.1","1","","null"
"TFS","TEST","","","epic-mfs-authentication-api-test","","","STARTED","4.2.2","Micro","0.1","1","","null"
