{

[
  {
    "appName": "basicauth-demo",
    "status": "STARTED",
    "fileName": "basicauth-demo.jar",
    "noOfWorkers": 1,
    "workerType": "Micro",
    "cores": "0.1 vCores",
    "muleVersion": "4.2.2"
  },
  {
    "appName": "getflights-rjpk",
    "status": "STARTED",
    "fileName": "getflights-rjpk.jar",
    "noOfWorkers": 1,
    "workerType": "Micro",
    "cores": "0.1 vCores",
    "muleVersion": "4.2.2"
  },
  {
    "appName": "americanflightsapi-fwtt",
    "status": "UNDEPLOYED",
    "fileName": "americanflightsapi-fwtt.jar",
    "noOfWorkers": 1,
    "workerType": "Micro",
    "cores": "0.1 vCores",
    "muleVersion": "4.2.2"
  },
  {
    "appName": "shell-pocs",
    "status": "STARTED",
    "fileName": "shell-pocs-1.0.0-SNAPSHOT-mule-application.jar",
    "noOfWorkers": 1,
    "workerType": "Micro",
    "cores": "0.1 vCores",
    "muleVersion": "4.2.2"
  },
  {
    "appName": "americanflightsapp-eipz",
    "status": "UNDEPLOYED",
    "fileName": "americanflightsapp-eipz.jar",
    "noOfWorkers": 1,
    "workerType": "Micro",
    "cores": "0.1 vCores",
    "muleVersion": "4.2.2"
  },
  {
    "appName": "americanflightsapp-jnhn",
    "status": "STARTED",
    "fileName": "americanflightsapp-jnhn.jar",
    "noOfWorkers": 1,
    "workerType": "Micro",
    "cores": "0.1 vCores",
    "muleVersion": "4.2.2"
  },
  {
    "appName": "shellpoc",
    "status": "STARTED",
    "fileName": "shellpoc-api-gateway.jar",
    "noOfWorkers": 1,
    "workerType": "Micro",
    "cores": "0.1 vCores",
    "muleVersion": "4.2.2"
  },
  {
    "appName": "shellpoc1",
    "status": "STARTED",
    "fileName": "shellpoc1-api-gateway.jar",
    "noOfWorkers": 1,
    "workerType": "Micro",
    "cores": "0.1 vCores",
    "muleVersion": "4.2.2"
  },
  {
    "appName": "training4-american-chintalapudi",
    "status": "STARTED",
    "fileName": "training4-american-ws-v2.jar",
    "noOfWorkers": 1,
    "workerType": "Micro",
    "cores": "0.1 vCores",
    "muleVersion": "4.2.2"
  },
  {
    "appName": "training4-american-api-chintalapudi",
    "status": "STARTED",
    "fileName": "training4-american-api-chintalapudi-api-gateway.jar",
    "noOfWorkers": 1,
    "workerType": "Micro",
    "cores": "0.1 vCores",
    "muleVersion": "4.2.2"
  },
  {
    "appName": "training4-american-ws-chintalapudi",
    "status": "STARTED",
    "fileName": "training4-american-ws-v2.jar",
    "noOfWorkers": 1,
    "workerType": "Micro",
    "cores": "0.1 vCores",
    "muleVersion": "4.2.2"
  },
  {
    "appName": "training4-american-api-chintalapudis",
    "status": "STARTED",
    "fileName": "training4-american-api-chintalapudis-api-gateway.jar",
    "noOfWorkers": 1,
    "workerType": "Micro",
    "cores": "0.1 vCores",
    "muleVersion": "4.2.2"
  },
  {
    "appName": "training4-account-ws-chintalapudi",
    "status": "STARTED",
    "fileName": "account-1.0.0-SNAPSHOT-mule-application.jar",
    "noOfWorkers": 1,
    "workerType": "Micro",
    "cores": "0.1 vCores",
    "muleVersion": "4.2.2"
  },
  {
    "appName": "oauth2demo-v2",
    "status": "STARTED",
    "fileName": "oauthdemo-1.0.0-SNAPSHOT-mule-application.jar",
    "noOfWorkers": 1,
    "workerType": "Micro",
    "cores": "0.1 vCores",
    "muleVersion": "4.2.2"
  },
  {
    "appName": "tfs-poc-proxy",
    "status": "STARTED",
    "fileName": "tfs-poc-proxy-api-gateway.jar",
    "noOfWorkers": 1,
    "workerType": "Micro",
    "cores": "0.1 vCores",
    "muleVersion": "4.2.2"
  },
  {
    "appName": "tfs-poc-sys1",
    "status": "STARTED",
    "fileName": "tfs-poc-c1-1.0.0-SNAPSHOT-mule-application.jar",
    "noOfWorkers": 1,
    "workerType": "Micro",
    "cores": "0.1 vCores",
    "muleVersion": "4.2.2"
  },
  {
    "appName": "tfsregistrationservice-proxy",
    "status": "STARTED",
    "fileName": "tfsRegistrationService-proxy-api-gateway.jar",
    "noOfWorkers": 1,
    "workerType": "Micro",
    "cores": "0.1 vCores",
    "muleVersion": "4.2.2"
  },
  {
    "appName": "training4-account-api-chintalapudi",
    "status": "STARTED",
    "fileName": "training4-account-api-chintalapudi-api-gateway.jar",
    "noOfWorkers": 1,
    "workerType": "Micro",
    "cores": "0.1 vCores",
    "muleVersion": "4.2.2"
  },
  {
    "appName": "ibm-oms-snapshot",
    "status": "STARTED",
    "fileName": "oms-connector-demo-1.2.3-SNAPSHOT-mule-application.jar",
    "noOfWorkers": 1,
    "workerType": "Micro",
    "cores": "0.1 vCores",
    "muleVersion": "4.2.2"
  },
  {
    "appName": "accounts-api-ws-mg",
    "status": "UNDEPLOYED",
    "fileName": "accounts-api-ws-1.0.0-SNAPSHOT-mule-application.jar",
    "noOfWorkers": 1,
    "workerType": "Micro",
    "cores": "0.1 vCores",
    "muleVersion": "4.2.2"
  },
  {
    "appName": "training4-american-ws-mule-mg",
    "status": "STARTED",
    "fileName": "training4-american-ws-v2.jar",
    "noOfWorkers": 1,
    "workerType": "Micro",
    "cores": "0.1 vCores",
    "muleVersion": "4.2.2"
  },
  {
    "appName": "account-api-updated",
    "status": "STARTED",
    "fileName": "account-api-updated-1.0.0-SNAPSHOT-mule-application.jar",
    "noOfWorkers": 1,
    "workerType": "Micro",
    "cores": "0.1 vCores",
    "muleVersion": "4.2.2"
  },
  {
    "appName": "training4-american-ws-toukan",
    "status": "UNDEPLOYED",
    "fileName": "accounts-api-implementation-1-1.0.0-SNAPSHOT-mule-application.jar",
    "noOfWorkers": 1,
    "workerType": "Micro",
    "cores": "0.1 vCores",
    "muleVersion": "4.2.2"
  },
  {
    "appName": "version-update-cloudhub",
    "status": "STARTED",
    "fileName": "test_mig-1.0.0-SNAPSHOT-mule-application.jar",
    "noOfWorkers": 1,
    "workerType": "Micro",
    "cores": "0.1 vCores",
    "muleVersion": "4.2.2"
  },
  {
    "appName": "mule-app-1",
    "status": "STARTED",
    "fileName": "mule-app-1-1.0.0-SNAPSHOT-mule-application.jar",
    "noOfWorkers": 1,
    "workerType": "Micro",
    "cores": "0.1 vCores",
    "muleVersion": "4.2.2"
  }
]

}