{
	"info": {
		"_postman_id": "900a8ec0-7e0f-437e-b1ae-26060064c9dd",
		"name": "CloudHub Helper API",
		"schema": "https://schema.getpostman.com/json/collection/v2.1.0/collection.json"
	},
	"item": [
		{
			"name": "Get Bearer Token  - Platform",
			"request": {
				"method": "POST",
				"header": [
					{
						"key": "Content-Type",
						"type": "text",
						"value": "application/json"
					}
				],
				"body": {
					"mode": "raw",
					"raw": "{\n\t\"username\":\"{{ap-tfs-user}}\",\n\t\"password\":\"{{ap-tfs-password}}\"\n}",
					"options": {
						"raw": {
							"language": "json"
						}
					}
				},
				"url": {
					"raw": "https://anypoint.mulesoft.com/accounts/login",
					"protocol": "https",
					"host": [
						"anypoint",
						"mulesoft",
						"com"
					],
					"path": [
						"accounts",
						"login"
					]
				}
			},
			"response": []
		},
		{
			"name": "Get Org Id - Platform",
			"protocolProfileBehavior": {
				"disableBodyPruning": true
			},
			"request": {
				"auth": {
					"type": "bearer",
					"bearer": [
						{
							"key": "token",
							"value": "634d531c-4c57-412d-8c24-b2b180e49593",
							"type": "string"
						}
					]
				},
				"method": "GET",
				"header": [
					{
						"key": "Content-Type",
						"type": "text",
						"value": "application/json"
					}
				],
				"body": {
					"mode": "raw",
					"raw": "",
					"options": {
						"raw": {
							"language": "json"
						}
					}
				},
				"url": {
					"raw": "https://anypoint.mulesoft.com/accounts/api/me",
					"protocol": "https",
					"host": [
						"anypoint",
						"mulesoft",
						"com"
					],
					"path": [
						"accounts",
						"api",
						"me"
					]
				}
			},
			"response": []
		},
		{
			"name": "Get SupportedVersions  - Platform",
			"protocolProfileBehavior": {
				"disableBodyPruning": true
			},
			"request": {
				"auth": {
					"type": "bearer",
					"bearer": [
						{
							"key": "token",
							"value": "77a62485-3d92-4bf0-9bca-9bf2f425f956",
							"type": "string"
						}
					]
				},
				"method": "GET",
				"header": [
					{
						"key": "Content-Type",
						"type": "text",
						"value": "application/json"
					}
				],
				"body": {
					"mode": "raw",
					"raw": "",
					"options": {
						"raw": {
							"language": "json"
						}
					}
				},
				"url": {
					"raw": "https://anypoint.mulesoft.com/accounts/api/me",
					"protocol": "https",
					"host": [
						"anypoint",
						"mulesoft",
						"com"
					],
					"path": [
						"accounts",
						"api",
						"me"
					]
				}
			},
			"response": []
		},
		{
			"name": "Get API Profile - Platform",
			"protocolProfileBehavior": {
				"disableBodyPruning": true
			},
			"request": {
				"auth": {
					"type": "bearer",
					"bearer": [
						{
							"key": "token",
							"value": "e83d2542-c761-4922-b812-894d3a6c301f",
							"type": "string"
						}
					]
				},
				"method": "GET",
				"header": [
					{
						"key": "Content-Type",
						"type": "text",
						"value": "application/json"
					}
				],
				"body": {
					"mode": "raw",
					"raw": "",
					"options": {
						"raw": {
							"language": "json"
						}
					}
				},
				"url": {
					"raw": "https://anypoint.mulesoft.com/accounts/api/me",
					"protocol": "https",
					"host": [
						"anypoint",
						"mulesoft",
						"com"
					],
					"path": [
						"accounts",
						"api",
						"me"
					]
				}
			},
			"response": []
		},
		{
			"name": "Get Env Id - Platform",
			"protocolProfileBehavior": {
				"disableBodyPruning": true
			},
			"request": {
				"auth": {
					"type": "bearer",
					"bearer": [
						{
							"key": "token",
							"value": "634d531c-4c57-412d-8c24-b2b180e49593",
							"type": "string"
						}
					]
				},
				"method": "GET",
				"header": [
					{
						"key": "Content-Type",
						"type": "text",
						"value": "application/json"
					}
				],
				"body": {
					"mode": "raw",
					"raw": "",
					"options": {
						"raw": {
							"language": "json"
						}
					}
				},
				"url": {
					"raw": "https://anypoint.mulesoft.com/accounts/api/organizations/78ef5ba8-1df7-49d4-accc-2a8e3d804805/environments",
					"protocol": "https",
					"host": [
						"anypoint",
						"mulesoft",
						"com"
					],
					"path": [
						"accounts",
						"api",
						"organizations",
						"78ef5ba8-1df7-49d4-accc-2a8e3d804805",
						"environments"
					]
				}
			},
			"response": []
		},
		{
			"name": "Get AppDetails - Platform",
			"protocolProfileBehavior": {
				"disableBodyPruning": true
			},
			"request": {
				"auth": {
					"type": "bearer",
					"bearer": [
						{
							"key": "token",
							"value": "634d531c-4c57-412d-8c24-b2b180e49593",
							"type": "string"
						}
					]
				},
				"method": "GET",
				"header": [
					{
						"key": "Content-Type",
						"type": "text",
						"value": "application/json"
					},
					{
						"key": "X-ANYPNT-ENV-ID",
						"type": "text",
						"value": ""
					},
					{
						"key": "X-ANYPNT-ORG-ID",
						"type": "text",
						"value": ""
					}
				],
				"body": {
					"mode": "raw",
					"raw": "",
					"options": {
						"raw": {
							"language": "json"
						}
					}
				},
				"url": {
					"raw": "https://anypoint.mulesoft.com/cloudhub/api/v2/applications",
					"protocol": "https",
					"host": [
						"anypoint",
						"mulesoft",
						"com"
					],
					"path": [
						"cloudhub",
						"api",
						"v2",
						"applications"
					],
					"query": [
						{
							"key": "retrieveStatistics",
							"value": "false",
							"disabled": true
						},
						{
							"key": "retrieveLogLevels",
							"value": "true",
							"disabled": true
						},
						{
							"key": "retrieveTrackingSettings",
							"value": "true",
							"disabled": true
						}
					]
				}
			},
			"response": []
		},
		{
			"name": "Get Application Meta Data",
			"request": {
				"auth": {
					"type": "basic",
					"basic": [
						{
							"key": "password",
							"value": "{{ap-tfs-password}}",
							"type": "string"
						},
						{
							"key": "username",
							"value": "{{ap-tfs-user}}",
							"type": "string"
						}
					]
				},
				"method": "GET",
				"header": [],
				"url": {
					"raw": "http://localhost:8085/api/cloudhub/applications-status?businessGroupname=TFS",
					"protocol": "http",
					"host": [
						"localhost"
					],
					"port": "8085",
					"path": [
						"api",
						"cloudhub",
						"applications-status"
					],
					"query": [
						{
							"key": "businessGroupname",
							"value": "TFS"
						}
					]
				}
			},
			"response": []
		},
		{
			"name": "GetRepositories - API",
			"protocolProfileBehavior": {
				"disabledSystemHeaders": {}
			},
			"request": {
				"method": "GET",
				"header": [
					{
						"key": "Accept",
						"value": "application/yaml",
						"type": "text"
					}
				],
				"url": {
					"raw": "http://localhost:8085/api/repositories?gitUser={{git.tfs.user}}",
					"protocol": "http",
					"host": [
						"localhost"
					],
					"port": "8085",
					"path": [
						"api",
						"repositories"
					],
					"query": [
						{
							"key": "gitUser",
							"value": "{{git.tfs.user}}"
						}
					]
				}
			},
			"response": []
		},
		{
			"name": "Get Applications  - Version Update - Initial Call",
			"protocolProfileBehavior": {
				"disableBodyPruning": true
			},
			"request": {
				"auth": {
					"type": "basic",
					"basic": [
						{
							"key": "password",
							"value": "{{ap-tfs-password}}",
							"type": "string"
						},
						{
							"key": "username",
							"value": "{{ap-tfs-user}}",
							"type": "string"
						}
					]
				},
				"method": "GET",
				"header": [
					{
						"key": "gitToken",
						"value": "{{git.tfs.token}}",
						"type": "text"
					}
				],
				"body": {
					"mode": "raw",
					"raw": "",
					"options": {
						"raw": {
							"language": "json"
						}
					}
				},
				"url": {
					"raw": "http://localhost:8085/api/cloudhub/applications?gitUser=abhilas&environment=TEST&businessGroupname=TFS&muleVersion=~lt~4.2.2&requestFor=version-upgrade",
					"protocol": "http",
					"host": [
						"localhost"
					],
					"port": "8085",
					"path": [
						"api",
						"cloudhub",
						"applications"
					],
					"query": [
						{
							"key": "gitUser",
							"value": "{{git.tfs.user}}"
						},
						{
							"key": "environment",
							"value": "TEST"
						},
						{
							"key": "businessGroupname",
							"value": "TFS"
						},
						{
							"key": "muleVersion",
							"value": "~lt~4.2.2"
						},
						{
							"key": "requestFor",
							"value": "version-upgrade"
						}
					]
				}
			},
			"response": []
		},
		{
			"name": "Update Version - API",
			"request": {
				"auth": {
					"type": "basic",
					"basic": [
						{
							"key": "password",
							"value": "{{ap-tfs-password}}",
							"type": "string"
						},
						{
							"key": "username",
							"value": "{{ap-tfs-user}}",
							"type": "string"
						}
					]
				},
				"method": "PUT",
				"header": [],
				"body": {
					"mode": "raw",
					"raw": "{\n\t\n\t\"muleVersion\": \"4.2.2\",\n\t\"environment\":\"TEST\",\n\t\"businessGroupname\": \"TFS\"\n}",
					"options": {
						"raw": {
							"language": "json"
						}
					}
				},
				"url": {
					"raw": "http://localhost:8085/api/cloudhub/applications",
					"protocol": "http",
					"host": [
						"localhost"
					],
					"port": "8085",
					"path": [
						"api",
						"cloudhub",
						"applications"
					]
				}
			},
			"response": []
		},
		{
			"name": "Get Apps For Promtion - Initial Call",
			"protocolProfileBehavior": {
				"disableBodyPruning": true
			},
			"request": {
				"auth": {
					"type": "basic",
					"basic": [
						{
							"key": "password",
							"value": "{{ap-tfs-password}}",
							"type": "string"
						},
						{
							"key": "username",
							"value": "{{ap-tfs-user}}",
							"type": "string"
						}
					]
				},
				"method": "GET",
				"header": [
					{
						"key": "gitToken",
						"type": "text",
						"value": "{{git.tfs.my.token}}"
					}
				],
				"body": {
					"mode": "raw",
					"raw": "",
					"options": {
						"raw": {
							"language": "json"
						}
					}
				},
				"url": {
					"raw": "http://localhost:8085/api/cloudhub/promotion/applications?sourceEnvironment=STAGE&sourceBusinessGroupName=TFS&targetEnvironment=STG&targetBusinessGroupName=TFS",
					"protocol": "http",
					"host": [
						"localhost"
					],
					"port": "8085",
					"path": [
						"api",
						"cloudhub",
						"promotion",
						"applications"
					],
					"query": [
						{
							"key": "sourceEnvironment",
							"value": "STAGE"
						},
						{
							"key": "sourceBusinessGroupName",
							"value": "TFS"
						},
						{
							"key": "targetEnvironment",
							"value": "STG"
						},
						{
							"key": "targetBusinessGroupName",
							"value": "TFS"
						}
					]
				}
			},
			"response": []
		},
		{
			"name": "Promote Apps - API",
			"request": {
				"auth": {
					"type": "basic",
					"basic": [
						{
							"key": "password",
							"value": "{{ap-tfs-password}}",
							"type": "string"
						},
						{
							"key": "username",
							"value": "{{ap-tfs-user}}",
							"type": "string"
						}
					]
				},
				"method": "POST",
				"header": [
					{
						"key": "gitToken",
						"value": "{{git.tfs.my.token}}",
						"type": "text"
					}
				],
				"body": {
					"mode": "raw",
					"raw": "{\r\n   \"source\":{\r\n      \"env\":\"STAGE\",\r\n      \"businessGroupname\":\"TFS\"\r\n   },\r\n   \"target\":{\r\n      \"env\":\"STG\",\r\n      \"businessGroupname\":\"TFS\"\r\n   },\r\n   \"applications\":[\r\n     \r\n     \"testing-cicd-eas1-stage\",\r\n     \"loggingframework-app-stage\"\r\n   ],\r\n   \"update-concurrency\":2\r\n}",
					"options": {
						"raw": {
							"language": "json"
						}
					}
				},
				"url": {
					"raw": "http://localhost:8085/api/cloudhub/promotion/applications",
					"protocol": "http",
					"host": [
						"localhost"
					],
					"port": "8085",
					"path": [
						"api",
						"cloudhub",
						"promotion",
						"applications"
					]
				}
			},
			"response": []
		}
	],
	"protocolProfileBehavior": {}
}