<?xml version="1.0" encoding="UTF-8"?>
<mule xmlns:secure-properties="http://www.mulesoft.org/schema/mule/secure-properties"      xmlns:doc="http://www.mulesoft.org/schema/mule/documentation"      xmlns:tls="http://www.mulesoft.org/schema/mule/tls"      xmlns="http://www.mulesoft.org/schema/mule/core" xmlns:xsi="http://www.w3.org/2001/XMLSchema-instance" xmlns:http="http://www.mulesoft.org/schema/mule/http" xsi:schemaLocation="http://www.mulesoft.org/schema/mule/core http://www.mulesoft.org/schema/mule/core/current/mule.xsd        http://www.mulesoft.org/schema/mule/http http://www.mulesoft.org/schema/mule/http/current/mule-http.xsdhttp://www.mulesoft.org/schema/mule/tls http://www.mulesoft.org/schema/mule/tls/current/mule-tls.xsdhttp://www.mulesoft.org/schema/mule/secure-properties http://www.mulesoft.org/schema/mule/secure-properties/current/mule-secure-properties.xsd">    
    
    <http:request-config name="http-request-config" basePath="${implementation.path}">        
        
        <http:request-connection host="${implementation.host}" port="${implementation.port}"                                 protocol="${implementation.protocol}" tlsContext="TLS_Context"> ttt
            
            <http:authentication >tttt
                
                <http:basic-authentication username="${NAWC_API_USERID}" password="${secure::NAWC_API_PWD}" />ttt
            </http:authentication>tt
        </http:request-connection>
    </http:request-config>t
    <tls:context name="TLS_Context" doc:name="TLS Context" doc:id="67587000-866a-40bb-8be8-483e9b350363" >tt
        
        <tls:trust-store path="${keystore.name}" password="${secure::keystore.password}" />t
    </tls:context>t
    <secure-properties:config name="Secure_Properties_Config" doc:name="Secure Properties Config" doc:id="052cb717-2555-482c-8008-240fc52d2543" file="${env}.properties" key="${aeskey}" />
</mule>